,Open,High,Low,Close,Volume,Year,Month,Week,Day,Dayofweek,Dayofyear,Is_month_end,Is_month_start,Is_quarter_end,Is_quarter_start,Is_year_end,Is_year_start,Elapsed
0,107.900002,108.300003,107.510002,107.699997,26880400,2016,9,36,6,1,250,False,False,False,False,False,False,1473120000
1,107.83000200000001,108.760002,107.07,108.360001,42364300,2016,9,36,7,2,251,False,False,False,False,False,False,1473206400
2,107.25,107.269997,105.239998,105.519997,53002000,2016,9,36,8,3,252,False,False,False,False,False,False,1473292800
3,104.639999,105.720001,103.129997,103.129997,46557000,2016,9,36,9,4,253,False,False,False,False,False,False,1473379200
4,102.650002,105.720001,102.529999,105.440002,45292800,2016,9,37,12,0,256,False,False,False,False,False,False,1473638400
5,107.510002,108.790001,107.239998,107.949997,62176200,2016,9,37,13,1,257,False,False,False,False,False,False,1473724800
6,108.730003,113.029999,108.599998,111.769997,110888700,2016,9,37,14,2,258,False,False,False,False,False,False,1473811200
7,113.860001,115.730003,113.489998,115.57,89983600,2016,9,37,15,3,259,False,False,False,False,False,False,1473897600
8,115.120003,116.129997,114.040001,114.91999799999999,79886900,2016,9,37,16,4,260,False,False,False,False,False,False,1473984000
9,115.190002,116.18,113.25,113.58000200000001,47023000,2016,9,38,19,0,263,False,False,False,False,False,False,1474243200
10,113.050003,114.120003,112.510002,113.57,34514300,2016,9,38,20,1,264,False,False,False,False,False,False,1474329600
11,113.849998,113.989998,112.440002,113.550003,36003200,2016,9,38,21,2,265,False,False,False,False,False,False,1474416000
12,114.349998,114.940002,114.0,114.620003,31074000,2016,9,38,22,3,266,False,False,False,False,False,False,1474502400
13,114.41999799999999,114.790001,111.550003,112.709999,52481200,2016,9,38,23,4,267,False,False,False,False,False,False,1474588800
14,111.639999,113.389999,111.550003,112.879997,29869400,2016,9,39,26,0,270,False,False,False,False,False,False,1474848000
15,113.0,113.18,112.339996,113.089996,24607400,2016,9,39,27,1,271,False,False,False,False,False,False,1474934400
16,113.690002,114.639999,113.43,113.949997,29641100,2016,9,39,28,2,272,False,False,False,False,False,False,1475020800
17,113.160004,113.800003,111.800003,112.18,35887000,2016,9,39,29,3,273,False,False,False,False,False,False,1475107200
18,112.459999,113.370003,111.800003,113.050003,36379100,2016,9,39,30,4,274,True,False,True,False,False,False,1475193600
19,112.709999,113.050003,112.279999,112.519997,21701800,2016,10,40,3,0,277,False,False,False,False,False,False,1475452800
20,113.059998,114.309998,112.629997,113.0,29736800,2016,10,40,4,1,278,False,False,False,False,False,False,1475539200
21,113.400002,113.660004,112.690002,113.050003,21453100,2016,10,40,5,2,279,False,False,False,False,False,False,1475625600
22,113.699997,114.339996,113.129997,113.889999,28779300,2016,10,40,6,3,280,False,False,False,False,False,False,1475712000
23,114.309998,114.559998,113.510002,114.059998,24358400,2016,10,40,7,4,281,False,False,False,False,False,False,1475798400
24,115.019997,116.75,114.720001,116.050003,36236000,2016,10,41,10,0,284,False,False,False,False,False,False,1476057600
25,117.699997,118.690002,116.199997,116.300003,64041000,2016,10,41,11,1,285,False,False,False,False,False,False,1476144000
26,117.349998,117.980003,116.75,117.339996,37586800,2016,10,41,12,2,286,False,False,False,False,False,False,1476230400
27,116.790001,117.440002,115.720001,116.980003,35192400,2016,10,41,13,3,287,False,False,False,False,False,False,1476316800
28,117.879997,118.16999799999999,117.129997,117.629997,35652200,2016,10,41,14,4,288,False,False,False,False,False,False,1476403200
29,117.33000200000001,117.839996,116.779999,117.550003,23624900,2016,10,42,17,0,291,False,False,False,False,False,False,1476662400
30,118.18,118.209999,117.449997,117.470001,24553500,2016,10,42,18,1,292,False,False,False,False,False,False,1476748800
31,117.25,117.760002,113.800003,117.120003,20034600,2016,10,42,19,2,293,False,False,False,False,False,False,1476835200
32,116.860001,117.379997,116.33000200000001,117.059998,24125800,2016,10,42,20,3,294,False,False,False,False,False,False,1476921600
33,116.809998,116.910004,116.279999,116.599998,23192700,2016,10,42,21,4,295,False,False,False,False,False,False,1477008000
34,117.099998,117.739998,117.0,117.650002,23538700,2016,10,43,24,0,298,False,False,False,False,False,False,1477267200
35,117.949997,118.360001,117.309998,118.25,48129000,2016,10,43,25,1,299,False,False,False,False,False,False,1477353600
36,114.309998,115.699997,113.309998,115.589996,66134200,2016,10,43,26,2,300,False,False,False,False,False,False,1477440000
37,115.389999,115.860001,114.099998,114.480003,34562000,2016,10,43,27,3,301,False,False,False,False,False,False,1477526400
38,113.870003,115.209999,113.449997,113.720001,37861700,2016,10,43,28,4,302,False,False,False,False,False,False,1477612800
39,113.650002,114.230003,113.199997,113.540001,26419400,2016,10,44,31,0,305,True,False,False,False,False,False,1477872000
40,113.459999,113.769997,110.529999,111.489998,43825800,2016,11,44,1,1,306,False,True,False,False,False,False,1477958400
41,111.400002,112.349998,111.230003,111.589996,28331700,2016,11,44,2,2,307,False,False,False,False,False,False,1478044800
42,110.980003,111.459999,109.550003,109.83000200000001,26932600,2016,11,44,3,3,308,False,False,False,False,False,False,1478131200
43,108.529999,110.25,108.110001,108.839996,30837000,2016,11,44,4,4,309,False,False,False,False,False,False,1478217600
44,110.08000200000001,110.510002,109.459999,110.410004,32560000,2016,11,45,7,0,312,False,False,False,False,False,False,1478476800
45,110.309998,111.720001,109.699997,111.059998,24254200,2016,11,45,8,1,313,False,False,False,False,False,False,1478563200
46,109.879997,111.32,108.050003,110.879997,59176400,2016,11,45,9,2,314,False,False,False,False,False,False,1478649600
47,111.089996,111.089996,105.83000200000001,107.790001,57134500,2016,11,45,10,3,315,False,False,False,False,False,False,1478736000
48,107.120003,108.870003,106.550003,108.43,34143900,2016,11,45,11,4,316,False,False,False,False,False,False,1478822400
49,107.709999,107.809998,104.08000200000001,105.709999,51175500,2016,11,46,14,0,319,False,False,False,False,False,False,1479081600
50,106.57,107.68,106.160004,107.110001,32264500,2016,11,46,15,1,320,False,False,False,False,False,False,1479168000
51,106.699997,110.230003,106.599998,109.989998,58840500,2016,11,46,16,2,321,False,False,False,False,False,False,1479254400
52,109.809998,110.349998,108.83000200000001,109.949997,27632000,2016,11,46,17,3,322,False,False,False,False,False,False,1479340800
53,109.720001,110.540001,109.660004,110.059998,28428900,2016,11,46,18,4,323,False,False,False,False,False,False,1479427200
54,110.120003,111.989998,110.010002,111.730003,29264600,2016,11,47,21,0,326,False,False,False,False,False,False,1479686400
55,111.949997,112.41999799999999,111.400002,111.800003,25965500,2016,11,47,22,1,327,False,False,False,False,False,False,1479772800
56,111.360001,111.510002,110.33000200000001,111.230003,27426400,2016,11,47,23,2,328,False,False,False,False,False,False,1479859200
57,111.129997,111.870003,110.949997,111.790001,11475900,2016,11,47,25,4,330,False,False,False,False,False,False,1480032000
58,111.43,112.470001,111.389999,111.57,27194000,2016,11,48,28,0,333,False,False,False,False,False,False,1480291200
59,110.779999,112.029999,110.07,111.459999,28528800,2016,11,48,29,1,334,False,False,False,False,False,False,1480377600
60,111.599998,112.199997,110.269997,110.519997,36162300,2016,11,48,30,2,335,True,False,False,False,False,False,1480464000
61,110.370003,110.940002,109.029999,109.489998,37086900,2016,12,48,1,3,336,False,True,False,False,False,False,1480550400
62,109.16999799999999,110.089996,108.849998,109.900002,26528000,2016,12,48,2,4,337,False,False,False,False,False,False,1480636800
63,110.0,110.029999,108.25,109.110001,34324500,2016,12,49,5,0,340,False,False,False,False,False,False,1480896000
64,109.5,110.360001,109.190002,109.949997,26195500,2016,12,49,6,1,341,False,False,False,False,False,False,1480982400
65,109.260002,111.190002,109.160004,111.029999,29998700,2016,12,49,7,2,342,False,False,False,False,False,False,1481068800
66,110.860001,112.43,110.599998,112.120003,27068300,2016,12,49,8,3,343,False,False,False,False,False,False,1481155200
67,112.309998,114.699997,112.309998,113.949997,34402600,2016,12,49,9,4,344,False,False,False,False,False,False,1481241600
68,113.290001,115.0,112.489998,113.300003,26374400,2016,12,50,12,0,347,False,False,False,False,False,False,1481500800
69,113.839996,115.91999799999999,113.75,115.190002,43733800,2016,12,50,13,1,348,False,False,False,False,False,False,1481587200
70,115.040001,116.199997,114.980003,115.190002,34031800,2016,12,50,14,2,349,False,False,False,False,False,False,1481673600
71,115.379997,116.730003,115.230003,115.82,46524500,2016,12,50,15,3,350,False,False,False,False,False,False,1481760000
72,116.470001,116.5,115.650002,115.970001,44351100,2016,12,50,16,4,351,False,False,False,False,False,False,1481846400
73,115.800003,117.379997,115.75,116.639999,27779400,2016,12,51,19,0,354,False,False,False,False,False,False,1482105600
74,116.739998,117.5,116.68,116.949997,21425000,2016,12,51,20,1,355,False,False,False,False,False,False,1482192000
75,116.800003,117.400002,116.779999,117.059998,23783200,2016,12,51,21,2,356,False,False,False,False,False,False,1482278400
76,116.349998,116.510002,115.639999,116.290001,26085900,2016,12,51,22,3,357,False,False,False,False,False,False,1482364800
77,115.589996,116.519997,115.589996,116.519997,14249500,2016,12,51,23,4,358,False,False,False,False,False,False,1482451200
78,116.519997,117.800003,116.489998,117.260002,18296900,2016,12,52,27,1,362,False,False,False,False,False,False,1482796800
79,117.519997,118.019997,116.199997,116.760002,20905900,2016,12,52,28,2,363,False,False,False,False,False,False,1482883200
80,116.449997,117.110001,116.400002,116.730003,15039500,2016,12,52,29,3,364,False,False,False,False,False,False,1482969600
81,116.650002,117.199997,115.43,115.82,30586300,2016,12,52,30,4,365,False,False,False,False,False,False,1483056000
82,115.800003,116.33000200000001,114.760002,116.150002,28781900,2017,1,1,3,1,3,False,False,False,False,False,False,1483401600
83,115.849998,116.510002,115.75,116.019997,21118100,2017,1,1,4,2,4,False,False,False,False,False,False,1483488000
84,115.91999799999999,116.860001,115.809998,116.610001,22193600,2017,1,1,5,3,5,False,False,False,False,False,False,1483574400
85,116.779999,118.160004,116.470001,117.910004,31751900,2017,1,1,6,4,6,False,False,False,False,False,False,1483660800
86,117.949997,119.43,117.940002,118.989998,33561900,2017,1,2,9,0,9,False,False,False,False,False,False,1483920000
87,118.769997,119.379997,118.300003,119.110001,24462100,2017,1,2,10,1,10,False,False,False,False,False,False,1484006400
88,118.739998,119.93,118.599998,119.75,27588600,2017,1,2,11,2,11,False,False,False,False,False,False,1484092800
89,118.900002,119.300003,118.209999,119.25,27086200,2017,1,2,12,3,12,False,False,False,False,False,False,1484179200
90,119.110001,119.620003,118.809998,119.040001,26111900,2017,1,2,13,4,13,False,False,False,False,False,False,1484265600
91,118.339996,120.239998,118.220001,120.0,34439800,2017,1,3,17,1,17,False,False,False,False,False,False,1484611200
92,120.0,120.5,119.709999,119.989998,23713000,2017,1,3,18,2,18,False,False,False,False,False,False,1484697600
93,119.400002,120.089996,119.370003,119.779999,25597300,2017,1,3,19,3,19,False,False,False,False,False,False,1484784000
94,120.449997,120.449997,119.730003,120.0,32597900,2017,1,3,20,4,20,False,False,False,False,False,False,1484870400
95,120.0,120.809998,119.769997,120.08000200000001,22050200,2017,1,4,23,0,23,False,False,False,False,False,False,1485129600
96,119.550003,120.099998,119.5,119.970001,23211000,2017,1,4,24,1,24,False,False,False,False,False,False,1485216000
97,120.41999799999999,122.099998,120.279999,121.879997,32377600,2017,1,4,25,2,25,False,False,False,False,False,False,1485302400
98,121.66999799999999,122.440002,121.599998,121.940002,26337600,2017,1,4,26,3,26,False,False,False,False,False,False,1485388800
99,122.139999,122.349998,121.599998,121.949997,20562900,2017,1,4,27,4,27,False,False,False,False,False,False,1485475200
100,120.93,121.629997,120.660004,121.629997,30377500,2017,1,5,30,0,30,False,False,False,False,False,False,1485734400
101,121.150002,121.389999,120.620003,121.349998,49201000,2017,1,5,31,1,31,True,False,False,False,False,False,1485820800
102,127.029999,130.490005,127.010002,128.75,111985000,2017,2,5,1,2,32,False,True,False,False,False,False,1485907200
103,127.980003,129.389999,127.779999,128.529999,33710400,2017,2,5,2,3,33,False,False,False,False,False,False,1485993600
104,128.309998,129.190002,128.16000400000001,129.080002,24507300,2017,2,5,3,4,34,False,False,False,False,False,False,1486080000
105,129.130005,130.5,128.899994,130.28999299999998,26845900,2017,2,6,6,0,37,False,False,False,False,False,False,1486339200
106,130.53999299999998,132.08999599999999,130.449997,131.529999,38183800,2017,2,6,7,1,38,False,False,False,False,False,False,1486425600
107,131.350006,132.220001,131.220001,132.03999299999998,23004100,2017,2,6,8,2,39,False,False,False,False,False,False,1486512000
108,131.649994,132.449997,131.119995,132.419998,28349900,2017,2,6,9,3,40,False,False,False,False,False,False,1486598400
109,132.46000700000002,132.940002,132.050003,132.119995,20065500,2017,2,6,10,4,41,False,False,False,False,False,False,1486684800
110,133.080002,133.820007,132.75,133.28999299999998,23035400,2017,2,7,13,0,44,False,False,False,False,False,False,1486944000
111,133.470001,135.08999599999999,133.25,135.020004,33226200,2017,2,7,14,1,45,False,False,False,False,False,False,1487030400
112,135.520004,136.270004,134.619995,135.509995,35623100,2017,2,7,15,2,46,False,False,False,False,False,False,1487116800
113,135.669998,135.899994,134.83999599999999,135.350006,22584600,2017,2,7,16,3,47,False,False,False,False,False,False,1487203200
114,135.100006,135.830002,135.100006,135.720001,22198200,2017,2,7,17,4,48,False,False,False,False,False,False,1487289600
115,136.229996,136.75,135.979996,136.699997,24507200,2017,2,8,21,1,52,False,False,False,False,False,False,1487635200
116,136.429993,137.119995,136.110001,137.110001,20836900,2017,2,8,22,2,53,False,False,False,False,False,False,1487721600
117,137.380005,137.479996,136.300003,136.529999,20788200,2017,2,8,23,3,54,False,False,False,False,False,False,1487808000
118,135.91000400000001,136.66000400000001,135.279999,136.66000400000001,21776600,2017,2,8,24,4,55,False,False,False,False,False,False,1487894400
119,137.139999,137.440002,136.279999,136.929993,20257400,2017,2,9,27,0,58,False,False,False,False,False,False,1488153600
120,137.080002,137.440002,136.699997,136.990005,23482900,2017,2,9,28,1,59,True,False,False,False,False,False,1488240000
121,137.889999,140.149994,137.600006,139.78999299999998,36414600,2017,3,9,1,2,60,False,True,False,False,False,False,1488326400
122,140.0,140.279999,138.759995,138.96000700000002,26211000,2017,3,9,2,3,61,False,False,False,False,False,False,1488412800
123,138.779999,139.830002,138.58999599999999,139.779999,21108100,2017,3,9,3,4,62,False,False,False,False,False,False,1488499200
124,139.369995,139.770004,138.600006,139.33999599999999,21750000,2017,3,10,6,0,65,False,False,False,False,False,False,1488758400
125,139.059998,139.979996,138.78999299999998,139.520004,17446300,2017,3,10,7,1,66,False,False,False,False,False,False,1488844800
126,138.949997,139.800003,138.820007,139.0,18707200,2017,3,10,8,2,67,False,False,False,False,False,False,1488931200
127,138.740005,138.78999299999998,137.050003,138.679993,22155900,2017,3,10,9,3,68,False,False,False,False,False,False,1489017600
128,139.25,139.360001,138.639999,139.139999,19612800,2017,3,10,10,4,69,False,False,False,False,False,False,1489104000
129,138.850006,139.429993,138.820007,139.199997,17421700,2017,3,11,13,0,72,False,False,False,False,False,False,1489363200
130,139.300003,139.649994,138.83999599999999,138.990005,15309100,2017,3,11,14,1,73,False,False,False,False,False,False,1489449600
131,139.41000400000001,140.75,139.029999,140.46000700000002,25691800,2017,3,11,15,2,74,False,False,False,False,False,False,1489536000
132,140.720001,141.020004,140.259995,140.690002,19232000,2017,3,11,16,3,75,False,False,False,False,False,False,1489622400
133,141.0,141.0,139.889999,139.990005,43885000,2017,3,11,17,4,76,False,False,False,False,False,False,1489708800
134,140.399994,141.5,140.229996,141.46000700000002,21542000,2017,3,12,20,0,79,False,False,False,False,False,False,1489968000
135,142.110001,142.800003,139.729996,139.83999599999999,39529900,2017,3,12,21,1,80,False,False,False,False,False,False,1490054400
136,139.850006,141.600006,139.759995,141.419998,25860200,2017,3,12,22,2,81,False,False,False,False,False,False,1490140800
137,141.259995,141.580002,140.610001,140.919998,20346300,2017,3,12,23,3,82,False,False,False,False,False,False,1490227200
138,141.5,141.740005,140.350006,140.639999,22395600,2017,3,12,24,4,83,False,False,False,False,False,False,1490313600
139,139.389999,141.220001,138.619995,140.880005,23575100,2017,3,13,27,0,86,False,False,False,False,False,False,1490572800
140,140.91000400000001,144.03999299999998,140.619995,143.800003,33374800,2017,3,13,28,1,87,False,False,False,False,False,False,1490659200
141,143.679993,144.490005,143.190002,144.119995,29190000,2017,3,13,29,2,88,False,False,False,False,False,False,1490745600
142,144.190002,144.5,143.5,143.929993,21207300,2017,3,13,30,3,89,False,False,False,False,False,False,1490832000
143,143.720001,144.270004,143.009995,143.66000400000001,19661700,2017,3,13,31,4,90,True,False,True,False,False,False,1490918400
144,143.71000700000002,144.119995,143.050003,143.699997,19985700,2017,4,14,3,0,93,False,False,False,False,False,False,1491177600
145,143.25,144.889999,143.169998,144.770004,19891400,2017,4,14,4,1,94,False,False,False,False,False,False,1491264000
146,144.220001,145.46000700000002,143.809998,144.020004,27717900,2017,4,14,5,2,95,False,False,False,False,False,False,1491350400
147,144.28999299999998,144.520004,143.449997,143.66000400000001,21149000,2017,4,14,6,3,96,False,False,False,False,False,False,1491436800
148,143.729996,144.179993,143.270004,143.33999599999999,16672200,2017,4,14,7,4,97,False,False,False,False,False,False,1491523200
149,143.600006,143.880005,142.899994,143.169998,18933400,2017,4,15,10,0,100,False,False,False,False,False,False,1491782400
150,142.940002,143.350006,140.059998,141.630005,30379400,2017,4,15,11,1,101,False,False,False,False,False,False,1491868800
151,141.600006,142.149994,141.009995,141.800003,20350000,2017,4,15,12,2,102,False,False,False,False,False,False,1491955200
152,141.91000400000001,142.380005,141.050003,141.050003,17822900,2017,4,15,13,3,103,False,False,False,False,False,False,1492041600
153,141.479996,141.880005,140.869995,141.830002,16582100,2017,4,16,17,0,107,False,False,False,False,False,False,1492387200
154,141.41000400000001,142.03999299999998,141.110001,141.199997,14697500,2017,4,16,18,1,108,False,False,False,False,False,False,1492473600
155,141.880005,142.0,140.449997,140.679993,17328400,2017,4,16,19,2,109,False,False,False,False,False,False,1492560000
156,141.220001,142.919998,141.16000400000001,142.440002,23319600,2017,4,16,20,3,110,False,False,False,False,False,False,1492646400
157,142.440002,142.679993,141.850006,142.270004,17320900,2017,4,16,21,4,111,False,False,False,False,False,False,1492732800
158,143.5,143.949997,143.179993,143.639999,17134300,2017,4,17,24,0,114,False,False,False,False,False,False,1492992000
159,143.91000400000001,144.899994,143.869995,144.529999,18871500,2017,4,17,25,1,115,False,False,False,False,False,False,1493078400
160,144.470001,144.600006,143.380005,143.679993,20041200,2017,4,17,26,2,116,False,False,False,False,False,False,1493164800
161,143.919998,144.16000400000001,143.309998,143.78999299999998,14246300,2017,4,17,27,3,117,False,False,False,False,False,False,1493251200
162,144.08999599999999,144.300003,143.270004,143.649994,20860400,2017,4,17,28,4,118,False,False,False,False,False,False,1493337600
163,145.100006,147.199997,144.96000700000002,146.580002,33602900,2017,5,18,1,0,121,False,True,False,False,False,False,1493596800
164,147.53999299999998,148.08999599999999,146.83999599999999,147.509995,45352200,2017,5,18,2,1,122,False,False,False,False,False,False,1493683200
165,145.58999599999999,147.490005,144.270004,147.059998,45697000,2017,5,18,3,2,123,False,False,False,False,False,False,1493769600
166,146.520004,147.139999,145.809998,146.529999,23371900,2017,5,18,4,3,124,False,False,False,False,False,False,1493856000
167,146.759995,148.979996,146.759995,148.96000700000002,27327700,2017,5,18,5,4,125,False,False,False,False,False,False,1493942400
168,149.029999,153.699997,149.029999,153.009995,48752400,2017,5,19,8,0,128,False,False,False,False,False,False,1494201600
169,153.869995,154.880005,153.449997,153.990005,39130400,2017,5,19,9,1,129,False,False,False,False,False,False,1494288000
170,153.630005,153.940002,152.110001,153.259995,25805700,2017,5,19,10,2,130,False,False,False,False,False,False,1494374400
171,152.449997,154.070007,152.309998,153.949997,27255100,2017,5,19,11,3,131,False,False,False,False,False,False,1494460800
172,154.699997,156.419998,154.669998,156.100006,32527000,2017,5,19,12,4,132,False,False,False,False,False,False,1494547200
173,156.009995,156.649994,155.050003,155.699997,26009700,2017,5,20,15,0,135,False,False,False,False,False,False,1494806400
174,155.940002,156.059998,154.720001,155.470001,20048500,2017,5,20,16,1,136,False,False,False,False,False,False,1494892800
175,153.600006,154.570007,149.71000700000002,150.25,50767700,2017,5,20,17,2,137,False,False,False,False,False,False,1494979200
176,151.270004,153.33999599999999,151.130005,152.53999299999998,33568200,2017,5,20,18,3,138,False,False,False,False,False,False,1495065600
177,153.380005,153.979996,152.630005,153.059998,26960800,2017,5,20,19,4,139,False,False,False,False,False,False,1495152000
178,154.0,154.580002,152.91000400000001,153.990005,22966400,2017,5,21,22,0,142,False,False,False,False,False,False,1495411200
179,154.899994,154.899994,153.309998,153.800003,19918900,2017,5,21,23,1,143,False,False,False,False,False,False,1495497600
180,153.83999599999999,154.169998,152.669998,153.33999599999999,19178000,2017,5,21,24,2,144,False,False,False,False,False,False,1495584000
181,153.729996,154.350006,153.029999,153.869995,19235600,2017,5,21,25,3,145,False,False,False,False,False,False,1495670400
182,154.0,154.240005,153.309998,153.610001,21927600,2017,5,21,26,4,146,False,False,False,False,False,False,1495756800
183,153.419998,154.429993,153.330002,153.669998,20126900,2017,5,22,30,1,150,False,False,False,False,False,False,1496102400
184,153.970001,154.169998,152.380005,152.759995,24451200,2017,5,22,31,2,151,True,False,False,False,False,False,1496188800
185,153.169998,153.330002,152.220001,153.179993,16404100,2017,6,22,1,3,152,False,True,False,False,False,False,1496275200
186,153.580002,155.449997,152.889999,155.449997,27770700,2017,6,22,2,4,153,False,False,False,False,False,False,1496361600
187,154.33999599999999,154.449997,153.46000700000002,153.929993,25331700,2017,6,23,5,0,156,False,False,False,False,False,False,1496620800
188,153.899994,155.809998,153.779999,154.449997,26624900,2017,6,23,6,1,157,False,False,False,False,False,False,1496707200
189,155.020004,155.979996,154.479996,155.369995,21069600,2017,6,23,7,2,158,False,False,False,False,False,False,1496793600
190,155.25,155.53999299999998,154.399994,154.990005,21250800,2017,6,23,8,3,159,False,False,False,False,False,False,1496880000
191,155.190002,155.190002,146.020004,148.979996,64882700,2017,6,23,9,4,160,False,False,False,False,False,False,1496966400
192,145.740005,146.08999599999999,142.509995,145.419998,72307300,2017,6,24,12,0,163,False,False,False,False,False,False,1497225600
193,147.16000400000001,147.449997,145.149994,146.58999599999999,34165400,2017,6,24,13,1,164,False,False,False,False,False,False,1497312000
194,147.5,147.5,143.83999599999999,145.16000400000001,31531200,2017,6,24,14,2,165,False,False,False,False,False,False,1497398400
195,143.320007,144.479996,142.21000700000002,144.28999299999998,32165400,2017,6,24,15,3,166,False,False,False,False,False,False,1497484800
196,143.779999,144.5,142.199997,142.270004,50361100,2017,6,24,16,4,167,False,False,False,False,False,False,1497571200
197,143.66000400000001,146.740005,143.66000400000001,146.33999599999999,32541400,2017,6,25,19,0,170,False,False,False,False,False,False,1497830400
198,146.869995,146.869995,144.940002,145.009995,24900100,2017,6,25,20,1,171,False,False,False,False,False,False,1497916800
199,145.520004,146.070007,144.610001,145.869995,21265800,2017,6,25,21,2,172,False,False,False,False,False,False,1498003200
200,145.770004,146.699997,145.119995,145.630005,19106300,2017,6,25,22,3,173,False,False,False,False,False,False,1498089600
201,145.130005,147.16000400000001,145.110001,146.279999,35439400,2017,6,25,23,4,174,False,False,False,False,False,False,1498176000
202,147.169998,148.279999,145.380005,145.820007,25692400,2017,6,26,26,0,177,False,False,False,False,False,False,1498435200
203,145.009995,146.16000400000001,143.619995,143.729996,24761900,2017,6,26,27,1,178,False,False,False,False,False,False,1498521600
204,144.490005,146.110001,143.16000400000001,145.830002,22082400,2017,6,26,28,2,179,False,False,False,False,False,False,1498608000
205,144.71000700000002,145.130005,142.279999,143.679993,31499400,2017,6,26,29,3,180,False,False,False,False,False,False,1498694400
206,144.449997,144.96000700000002,143.779999,144.020004,23024100,2017,6,26,30,4,181,True,False,True,False,False,False,1498780800
207,144.880005,145.300003,143.100006,143.5,14277800,2017,7,27,3,0,184,False,False,False,False,False,False,1499040000
208,143.690002,144.78999299999998,142.720001,144.08999599999999,21569600,2017,7,27,5,2,186,False,False,False,False,False,False,1499212800
209,143.020004,143.5,142.41000400000001,142.729996,24128800,2017,7,27,6,3,187,False,False,False,False,False,False,1499299200
210,142.899994,144.75,142.899994,144.179993,19201700,2017,7,27,7,4,188,False,False,False,False,False,False,1499385600
211,144.110001,145.949997,143.369995,145.059998,21090600,2017,7,28,10,0,191,False,False,False,False,False,False,1499644800
212,144.729996,145.850006,144.380005,145.529999,19781800,2017,7,28,11,1,192,False,False,False,False,False,False,1499731200
213,145.869995,146.179993,144.820007,145.740005,24884500,2017,7,28,12,2,193,False,False,False,False,False,False,1499817600
214,145.5,148.490005,145.440002,147.770004,25199400,2017,7,28,13,3,194,False,False,False,False,False,False,1499904000
215,147.970001,149.330002,147.330002,149.03999299999998,20132100,2017,7,28,14,4,195,False,False,False,False,False,False,1499990400
216,148.820007,150.899994,148.570007,149.559998,23793500,2017,7,29,17,0,198,False,False,False,False,False,False,1500249600
217,149.199997,150.130005,148.669998,150.080002,17868800,2017,7,29,18,1,199,False,False,False,False,False,False,1500336000
218,150.479996,151.419998,149.949997,151.020004,20923000,2017,7,29,19,2,200,False,False,False,False,False,False,1500422400
219,151.5,151.740005,150.190002,150.33999599999999,17243700,2017,7,29,20,3,201,False,False,False,False,False,False,1500508800
220,149.990005,150.440002,148.880005,150.270004,26252600,2017,7,29,21,4,202,False,False,False,False,False,False,1500595200
221,150.580002,152.440002,149.899994,152.08999599999999,21493200,2017,7,30,24,0,205,False,False,False,False,False,False,1500854400
222,151.800003,153.83999599999999,151.800003,152.740005,18853900,2017,7,30,25,1,206,False,False,False,False,False,False,1500940800
223,153.350006,153.929993,153.059998,153.46000700000002,15781000,2017,7,30,26,2,207,False,False,False,False,False,False,1501027200
224,153.75,153.990005,147.300003,150.559998,32476300,2017,7,30,27,3,208,False,False,False,False,False,False,1501113600
225,149.889999,150.229996,149.190002,149.5,17213700,2017,7,30,28,4,209,False,False,False,False,False,False,1501200000
226,149.899994,150.330002,148.130005,148.729996,19845900,2017,7,31,31,0,212,True,False,False,False,False,False,1501459200
227,149.100006,150.220001,148.41000400000001,150.050003,35368600,2017,8,31,1,1,213,False,True,False,False,False,False,1501545600
228,159.279999,159.75,156.16000400000001,157.139999,69936800,2017,8,31,2,2,214,False,False,False,False,False,False,1501632000
229,157.050003,157.21000700000002,155.020004,155.570007,27097300,2017,8,31,3,3,215,False,False,False,False,False,False,1501718400
230,156.070007,157.399994,155.690002,156.389999,20559900,2017,8,31,4,4,216,False,False,False,False,False,False,1501804800
231,157.059998,158.919998,156.669998,158.809998,21870300,2017,8,32,7,0,219,False,False,False,False,False,False,1502064000
232,158.600006,161.830002,158.270004,160.080002,36205900,2017,8,32,8,1,220,False,False,False,False,False,False,1502150400
233,159.259995,161.270004,159.110001,161.059998,26131500,2017,8,32,9,2,221,False,False,False,False,False,False,1502236800
234,159.899994,160.0,154.630005,155.320007,40804300,2017,8,32,10,3,222,False,False,False,False,False,False,1502323200
235,156.600006,158.570007,156.070007,157.479996,26257100,2017,8,32,11,4,223,False,False,False,False,False,False,1502409600
236,159.320007,160.21000700000002,158.75,159.850006,22122700,2017,8,33,14,0,226,False,False,False,False,False,False,1502668800
237,160.66000400000001,162.199997,160.139999,161.600006,29465500,2017,8,33,15,1,227,False,False,False,False,False,False,1502755200
238,161.940002,162.509995,160.149994,160.949997,27671600,2017,8,33,16,2,228,False,False,False,False,False,False,1502841600
239,160.520004,160.71000700000002,157.83999599999999,157.860001,27940600,2017,8,33,17,3,229,False,False,False,False,False,False,1502928000
240,157.860001,159.5,156.720001,157.5,27428100,2017,8,33,18,4,230,False,False,False,False,False,False,1503014400
241,157.5,157.889999,155.110001,157.21000700000002,26368500,2017,8,34,21,0,233,False,False,False,False,False,False,1503273600
242,158.229996,160.0,158.020004,159.779999,21604600,2017,8,34,22,1,234,False,False,False,False,False,False,1503360000
243,159.070007,160.470001,158.880005,159.979996,19399100,2017,8,34,23,2,235,False,False,False,False,False,False,1503446400
244,160.429993,160.740005,158.550003,159.270004,19818900,2017,8,34,24,3,236,False,False,False,False,False,False,1503532800
245,159.649994,160.559998,159.270004,159.860001,25480100,2017,8,34,25,4,237,False,False,False,False,False,False,1503619200
246,160.139999,162.0,159.929993,161.470001,25966000,2017,8,35,28,0,240,False,False,False,False,False,False,1503878400
247,160.100006,163.119995,160.0,162.91000400000001,29516900,2017,8,35,29,1,241,False,False,False,False,False,False,1503964800
248,163.800003,163.889999,162.610001,163.350006,27269600,2017,8,35,30,2,242,False,False,False,False,False,False,1504051200
249,163.639999,164.520004,163.479996,164.0,26785100,2017,8,35,31,3,243,True,False,False,False,False,False,1504137600
250,164.800003,164.940002,163.630005,164.050003,16591100,2017,9,35,1,4,244,False,True,False,False,False,False,1504224000
251,163.75,164.25,160.559998,162.080002,29468500,2017,9,36,5,1,248,False,False,False,False,False,False,1504569600
252,162.71000700000002,162.990005,160.520004,161.91000400000001,21651700,2017,9,36,6,2,249,False,False,False,False,False,False,1504656000
253,162.08999599999999,162.240005,160.360001,161.259995,21928500,2017,9,36,7,3,250,False,False,False,False,False,False,1504742400
254,160.860001,161.149994,158.529999,158.630005,28611500,2017,9,36,8,4,251,False,False,False,False,False,False,1504828800
255,160.5,162.050003,159.889999,161.5,31580800,2017,9,37,11,0,254,False,False,False,False,False,False,1505088000
256,162.610001,163.96000700000002,158.770004,160.860001,71714000,2017,9,37,12,1,255,False,False,False,False,False,False,1505174400
257,159.869995,159.96000700000002,157.91000400000001,159.649994,44907400,2017,9,37,13,2,256,False,False,False,False,False,False,1505260800
258,158.990005,159.399994,158.08999599999999,158.279999,23760700,2017,9,37,14,3,257,False,False,False,False,False,False,1505347200
259,158.470001,160.970001,158.0,159.880005,49114600,2017,9,37,15,4,258,False,False,False,False,False,False,1505433600
260,160.110001,160.5,158.0,158.669998,28269400,2017,9,38,18,0,261,False,False,False,False,False,False,1505692800
261,159.509995,159.770004,158.440002,158.729996,20810600,2017,9,38,19,1,262,False,False,False,False,False,False,1505779200
262,157.899994,158.259995,153.830002,156.070007,52951400,2017,9,38,20,2,263,False,False,False,False,False,False,1505865600
263,155.800003,155.800003,152.75,153.389999,37511700,2017,9,38,21,3,264,False,False,False,False,False,False,1505952000
264,151.53999299999998,152.270004,150.559998,151.889999,46645400,2017,9,38,22,4,265,False,False,False,False,False,False,1506038400
265,149.990005,151.830002,149.16000400000001,150.550003,44387300,2017,9,39,25,0,268,False,False,False,False,False,False,1506297600
266,151.779999,153.919998,151.690002,153.139999,36660000,2017,9,39,26,1,269,False,False,False,False,False,False,1506384000
267,153.800003,154.720001,153.53999299999998,154.229996,25504200,2017,9,39,27,2,270,False,False,False,False,False,False,1506470400
268,153.889999,154.279999,152.699997,153.279999,22005500,2017,9,39,28,3,271,False,False,False,False,False,False,1506556800
269,153.21000700000002,154.130005,152.0,154.119995,26299800,2017,9,39,29,4,272,False,False,False,False,False,False,1506643200
270,154.259995,154.449997,152.720001,153.809998,18698800,2017,10,40,2,0,275,False,False,False,False,False,False,1506902400
271,154.009995,155.08999599999999,153.91000400000001,154.479996,16230300,2017,10,40,3,1,276,False,False,False,False,False,False,1506988800
272,153.630005,153.860001,152.46000700000002,153.479996,20163800,2017,10,40,4,2,277,False,False,False,False,False,False,1507075200
273,154.179993,155.440002,154.050003,155.389999,21283800,2017,10,40,5,3,278,False,False,False,False,False,False,1507161600
274,154.970001,155.490005,154.559998,155.300003,17407600,2017,10,40,6,4,279,False,False,False,False,False,False,1507248000
275,155.809998,156.729996,155.490005,155.83999599999999,16262900,2017,10,41,9,0,282,False,False,False,False,False,False,1507507200
276,156.059998,158.0,155.100006,155.899994,15617000,2017,10,41,10,1,283,False,False,False,False,False,False,1507593600
277,155.970001,156.979996,155.75,156.550003,16905600,2017,10,41,11,2,284,False,False,False,False,False,False,1507680000
278,156.350006,157.369995,155.729996,156.0,16125100,2017,10,41,12,3,285,False,False,False,False,False,False,1507766400
279,156.729996,157.279999,156.41000400000001,156.990005,16394200,2017,10,41,13,4,286,False,False,False,False,False,False,1507852800
280,157.899994,160.0,157.649994,159.880005,24121500,2017,10,42,16,0,289,False,False,False,False,False,False,1508112000
281,159.779999,160.869995,159.229996,160.470001,18997300,2017,10,42,17,1,290,False,False,False,False,False,False,1508198400
282,160.419998,160.71000700000002,159.600006,159.759995,16374200,2017,10,42,18,2,291,False,False,False,False,False,False,1508284800
283,156.75,157.080002,155.020004,155.979996,42584200,2017,10,42,19,3,292,False,False,False,False,False,False,1508371200
284,156.610001,157.75,155.96000700000002,156.25,23974100,2017,10,42,20,4,293,False,False,False,False,False,False,1508457600
285,156.889999,157.690002,155.5,156.169998,21984300,2017,10,43,23,0,296,False,False,False,False,False,False,1508716800
286,156.28999299999998,157.419998,156.199997,157.100006,17757200,2017,10,43,24,1,297,False,False,False,False,False,False,1508803200
287,156.91000400000001,157.550003,155.270004,156.41000400000001,21207100,2017,10,43,25,2,298,False,False,False,False,False,False,1508889600
288,157.229996,157.830002,156.779999,157.41000400000001,17000500,2017,10,43,26,3,299,False,False,False,False,False,False,1508976000
289,159.28999299999998,163.600006,158.699997,163.050003,44454200,2017,10,43,27,4,300,False,False,False,False,False,False,1509062400
290,163.889999,168.070007,163.720001,166.720001,44700800,2017,10,44,30,0,303,False,False,False,False,False,False,1509321600
291,167.899994,169.649994,166.940002,169.03999299999998,36046800,2017,10,44,31,1,304,True,False,False,False,False,False,1509408000
292,169.869995,169.940002,165.610001,166.889999,33637800,2017,11,44,1,2,305,False,True,False,False,False,False,1509494400
293,166.600006,168.5,165.279999,168.110001,41393400,2017,11,44,2,3,306,False,False,False,False,False,False,1509580800
294,174.0,174.259995,171.119995,172.5,59398600,2017,11,44,3,4,307,False,False,False,False,False,False,1509667200
295,172.369995,174.990005,171.720001,174.25,35026300,2017,11,45,6,0,310,False,False,False,False,False,False,1509926400
296,173.91000400000001,175.25,173.600006,174.809998,24361500,2017,11,45,7,1,311,False,False,False,False,False,False,1510012800
297,174.66000400000001,176.240005,174.330002,176.240005,24409500,2017,11,45,8,2,312,False,False,False,False,False,False,1510099200
298,175.110001,176.100006,173.139999,175.880005,29482600,2017,11,45,9,3,313,False,False,False,False,False,False,1510185600
299,175.110001,175.380005,174.270004,174.669998,25145500,2017,11,45,10,4,314,False,False,False,False,False,False,1510272000
300,173.5,174.5,173.399994,173.970001,16982100,2017,11,46,13,0,317,False,False,False,False,False,False,1510531200
301,173.03999299999998,173.479996,171.179993,171.33999599999999,24782500,2017,11,46,14,1,318,False,False,False,False,False,False,1510617600
302,169.970001,170.320007,168.380005,169.080002,29158100,2017,11,46,15,2,319,False,False,False,False,False,False,1510704000
303,171.179993,171.869995,170.300003,171.100006,23637500,2017,11,46,16,3,320,False,False,False,False,False,False,1510790400
304,171.03999299999998,171.389999,169.639999,170.149994,21899500,2017,11,46,17,4,321,False,False,False,False,False,False,1510876800
305,170.28999299999998,170.559998,169.559998,169.979996,16262400,2017,11,47,20,0,324,False,False,False,False,False,False,1511136000
306,170.779999,173.699997,170.779999,173.139999,25131300,2017,11,47,21,1,325,False,False,False,False,False,False,1511222400
307,173.360001,175.0,173.050003,174.96000700000002,25588900,2017,11,47,22,2,326,False,False,False,False,False,False,1511308800
308,175.100006,175.5,174.649994,174.970001,14026700,2017,11,47,24,4,328,False,False,False,False,False,False,1511481600
309,175.050003,175.080002,173.33999599999999,174.08999599999999,20716800,2017,11,48,27,0,331,False,False,False,False,False,False,1511740800
310,174.300003,174.869995,171.860001,173.070007,26428800,2017,11,48,28,1,332,False,False,False,False,False,False,1511827200
311,172.630005,172.919998,167.16000400000001,169.479996,41666400,2017,11,48,29,2,333,False,False,False,False,False,False,1511913600
312,170.429993,172.139999,168.440002,171.850006,41527200,2017,11,48,30,3,334,True,False,False,False,False,False,1512000000
313,169.949997,171.669998,168.5,171.050003,39759300,2017,12,48,1,4,335,False,True,False,False,False,False,1512086400
314,172.479996,172.619995,169.630005,169.800003,32542400,2017,12,49,4,0,338,False,False,False,False,False,False,1512345600
315,169.059998,171.520004,168.399994,169.639999,27350200,2017,12,49,5,1,339,False,False,False,False,False,False,1512432000
316,167.5,170.199997,166.46000700000002,169.009995,28560000,2017,12,49,6,2,340,False,False,False,False,False,False,1512518400
317,169.029999,170.440002,168.91000400000001,169.320007,25673300,2017,12,49,7,3,341,False,False,False,False,False,False,1512604800
318,170.490005,171.0,168.820007,169.369995,23355200,2017,12,49,8,4,342,False,False,False,False,False,False,1512691200
319,169.199997,172.889999,168.78999299999998,172.669998,35273800,2017,12,50,11,0,345,False,False,False,False,False,False,1512950400
320,172.149994,172.389999,171.46000700000002,171.699997,19409200,2017,12,50,12,1,346,False,False,False,False,False,False,1513036800
321,172.5,173.53999299999998,172.0,172.270004,23818400,2017,12,50,13,2,347,False,False,False,False,False,False,1513123200
322,172.399994,173.130005,171.649994,172.220001,20476500,2017,12,50,14,3,348,False,False,False,False,False,False,1513209600
323,173.630005,174.169998,172.46000700000002,173.970001,40169300,2017,12,50,15,4,349,False,False,False,False,False,False,1513296000
324,174.880005,177.199997,174.860001,176.419998,29421100,2017,12,51,18,0,352,False,False,False,False,False,False,1513555200
325,175.029999,175.389999,174.08999599999999,174.53999299999998,27436400,2017,12,51,19,1,353,False,False,False,False,False,False,1513641600
326,174.869995,175.419998,173.25,174.350006,23475600,2017,12,51,20,2,354,False,False,False,False,False,False,1513728000
327,174.169998,176.020004,174.100006,175.009995,20949900,2017,12,51,21,3,355,False,False,False,False,False,False,1513814400
328,174.679993,175.419998,174.5,175.009995,16349400,2017,12,51,22,4,356,False,False,False,False,False,False,1513900800
329,170.800003,171.470001,169.679993,170.570007,33185500,2017,12,52,26,1,360,False,False,False,False,False,False,1514246400
330,170.100006,170.779999,169.71000700000002,170.600006,21498200,2017,12,52,27,2,361,False,False,False,False,False,False,1514332800
331,171.0,171.850006,170.479996,171.080002,16480200,2017,12,52,28,3,362,False,False,False,False,False,False,1514419200
332,170.520004,170.58999599999999,169.220001,169.229996,25999900,2017,12,52,29,4,363,False,False,False,False,False,False,1514505600
333,170.16000400000001,172.300003,169.259995,172.259995,25555900,2018,1,1,2,1,2,False,False,False,False,False,False,1514851200
334,172.529999,174.550003,171.96000700000002,172.229996,29517900,2018,1,1,3,2,3,False,False,False,False,False,False,1514937600
335,172.53999299999998,173.470001,172.080002,173.029999,22434600,2018,1,1,4,3,4,False,False,False,False,False,False,1515024000
336,173.440002,175.369995,173.050003,175.0,23660000,2018,1,1,5,4,5,False,False,False,False,False,False,1515110400
337,174.350006,175.610001,173.929993,174.350006,20567800,2018,1,2,8,0,8,False,False,False,False,False,False,1515369600
338,174.550003,175.059998,173.41000400000001,174.330002,21584000,2018,1,2,9,1,9,False,False,False,False,False,False,1515456000
339,173.16000400000001,174.300003,173.0,174.28999299999998,23959900,2018,1,2,10,2,10,False,False,False,False,False,False,1515542400
340,174.58999599999999,175.490005,174.490005,175.279999,18667700,2018,1,2,11,3,11,False,False,False,False,False,False,1515628800
341,176.179993,177.360001,175.649994,177.08999599999999,25418100,2018,1,2,12,4,12,False,False,False,False,False,False,1515715200
342,177.899994,179.389999,176.139999,176.190002,29565900,2018,1,3,16,1,16,False,False,False,False,False,False,1516060800
343,176.149994,179.25,175.070007,179.100006,34386800,2018,1,3,17,2,17,False,False,False,False,False,False,1516147200
344,179.369995,180.100006,178.25,179.259995,31193400,2018,1,3,18,3,18,False,False,False,False,False,False,1516233600
345,178.610001,179.580002,177.41000400000001,178.46000700000002,32425100,2018,1,3,19,4,19,False,False,False,False,False,False,1516320000
346,177.300003,177.779999,176.600006,177.0,27108600,2018,1,4,22,0,22,False,False,False,False,False,False,1516579200
347,177.300003,179.440002,176.820007,177.03999299999998,32689100,2018,1,4,23,1,23,False,False,False,False,False,False,1516665600
348,177.25,177.300003,173.199997,174.220001,51105100,2018,1,4,24,2,24,False,False,False,False,False,False,1516752000
349,174.509995,174.949997,170.529999,171.110001,41529000,2018,1,4,25,3,25,False,False,False,False,False,False,1516838400
350,172.0,172.0,170.059998,171.509995,39143000,2018,1,4,26,4,26,False,False,False,False,False,False,1516924800
351,170.16000400000001,170.16000400000001,167.070007,167.96000700000002,50640400,2018,1,5,29,0,29,False,False,False,False,False,False,1517184000
352,165.529999,167.369995,164.699997,166.970001,46048200,2018,1,5,30,1,30,False,False,False,False,False,False,1517270400
353,166.869995,168.440002,166.5,167.429993,32478900,2018,1,5,31,2,31,True,False,False,False,False,False,1517356800
354,167.169998,168.619995,166.759995,167.779999,47230800,2018,2,5,1,3,32,False,True,False,False,False,False,1517443200
355,166.0,166.800003,160.100006,160.5,86593800,2018,2,5,2,4,33,False,False,False,False,False,False,1517529600
356,159.100006,163.880005,156.0,156.490005,72738500,2018,2,6,5,0,36,False,False,False,False,False,False,1517788800
357,154.830002,163.720001,154.0,163.029999,68243800,2018,2,6,6,1,37,False,False,False,False,False,False,1517875200
358,163.08999599999999,163.399994,159.070007,159.53999299999998,51608600,2018,2,6,7,2,38,False,False,False,False,False,False,1517961600
359,160.28999299999998,161.0,155.029999,155.149994,54390500,2018,2,6,8,3,39,False,False,False,False,False,False,1518048000
360,157.070007,157.889999,150.240005,156.41000400000001,70672600,2018,2,6,9,4,40,False,False,False,False,False,False,1518134400
361,158.5,163.889999,157.509995,162.71000700000002,60819500,2018,2,7,12,0,43,False,False,False,False,False,False,1518393600
362,161.949997,164.75,161.649994,164.33999599999999,32549200,2018,2,7,13,1,44,False,False,False,False,False,False,1518480000
363,163.03999299999998,167.53999299999998,162.880005,167.369995,40644900,2018,2,7,14,2,45,False,False,False,False,False,False,1518566400
364,169.78999299999998,173.08999599999999,169.0,172.990005,51147200,2018,2,7,15,3,46,False,False,False,False,False,False,1518652800
365,172.360001,174.820007,171.770004,172.429993,40176100,2018,2,7,16,4,47,False,False,False,False,False,False,1518739200
366,172.050003,174.259995,171.419998,171.850006,33930500,2018,2,8,20,1,51,False,False,False,False,False,False,1519084800
367,172.830002,174.119995,171.009995,171.070007,37471600,2018,2,8,21,2,52,False,False,False,False,False,False,1519171200
368,171.800003,173.949997,171.71000700000002,172.5,30991900,2018,2,8,22,3,53,False,False,False,False,False,False,1519257600
369,173.669998,175.649994,173.53999299999998,175.5,33812400,2018,2,8,23,4,54,False,False,False,False,False,False,1519344000
370,176.350006,179.389999,176.21000700000002,178.970001,38162200,2018,2,9,26,0,57,False,False,False,False,False,False,1519603200
371,179.100006,180.479996,178.16000400000001,178.389999,38928100,2018,2,9,27,1,58,False,False,False,False,False,False,1519689600
372,179.259995,180.619995,178.050003,178.119995,37782100,2018,2,9,28,2,59,True,False,False,False,False,False,1519776000
373,178.53999299999998,179.779999,172.66000400000001,175.0,48802000,2018,3,9,1,3,60,False,True,False,False,False,False,1519862400
374,172.800003,176.300003,172.449997,176.21000700000002,38454000,2018,3,9,2,4,61,False,False,False,False,False,False,1519948800
375,175.21000700000002,177.740005,174.520004,176.820007,28401400,2018,3,10,5,0,64,False,False,False,False,False,False,1520208000
376,177.91000400000001,178.25,176.130005,176.669998,23788500,2018,3,10,6,1,65,False,False,False,False,False,False,1520294400
377,174.940002,175.850006,174.270004,175.029999,31703500,2018,3,10,7,2,66,False,False,False,False,False,False,1520380800
378,175.479996,177.119995,175.070007,176.940002,23774100,2018,3,10,8,3,67,False,False,False,False,False,False,1520467200
379,177.96000700000002,180.0,177.389999,179.979996,32185200,2018,3,10,9,4,68,False,False,False,False,False,False,1520553600
380,180.28999299999998,182.389999,180.21000700000002,181.720001,32207100,2018,3,11,12,0,71,False,False,False,False,False,False,1520812800
381,182.58999599999999,183.5,179.240005,179.970001,31693500,2018,3,11,13,1,72,False,False,False,False,False,False,1520899200
382,180.320007,180.520004,177.809998,178.440002,29368400,2018,3,11,14,2,73,False,False,False,False,False,False,1520985600
383,178.5,180.240005,178.070007,178.649994,22743800,2018,3,11,15,3,74,False,False,False,False,False,False,1521072000
384,178.649994,179.119995,177.619995,178.020004,39404700,2018,3,11,16,4,75,False,False,False,False,False,False,1521158400
385,177.320007,177.470001,173.66000400000001,175.300003,33446800,2018,3,12,19,0,78,False,False,False,False,False,False,1521417600
386,175.240005,176.800003,174.940002,175.240005,19649400,2018,3,12,20,1,79,False,False,False,False,False,False,1521504000
387,175.03999299999998,175.08999599999999,171.259995,171.270004,37054900,2018,3,12,21,2,80,False,False,False,False,False,False,1521590400
388,170.0,172.679993,168.600006,168.850006,41490800,2018,3,12,22,3,81,False,False,False,False,False,False,1521676800
389,168.389999,169.919998,164.940002,164.940002,41028800,2018,3,12,23,4,82,False,False,False,False,False,False,1521763200
390,168.070007,173.100006,166.440002,172.770004,37541200,2018,3,13,26,0,85,False,False,False,False,False,False,1522022400
391,173.679993,175.149994,166.919998,168.33999599999999,40922600,2018,3,13,27,1,86,False,False,False,False,False,False,1522108800
392,167.25,170.020004,165.190002,166.479996,41668500,2018,3,13,28,2,87,False,False,False,False,False,False,1522195200
393,167.809998,171.75,166.899994,167.779999,38398500,2018,3,13,29,3,88,False,False,False,False,False,False,1522281600
394,166.639999,168.940002,164.470001,166.679993,37586800,2018,4,14,2,0,92,False,False,False,False,False,False,1522627200
395,167.639999,168.75,164.880005,168.389999,30278000,2018,4,14,3,1,93,False,False,False,False,False,False,1522713600
396,164.880005,172.009995,164.770004,171.610001,34605500,2018,4,14,4,2,94,False,False,False,False,False,False,1522800000
397,172.580002,174.229996,172.080002,172.800003,26933200,2018,4,14,5,3,95,False,False,False,False,False,False,1522886400
398,170.970001,172.479996,168.199997,168.380005,35005300,2018,4,14,6,4,96,False,False,False,False,False,False,1522972800
399,169.880005,173.08999599999999,169.850006,170.050003,29017700,2018,4,15,9,0,99,False,False,False,False,False,False,1523232000
400,173.0,174.0,171.529999,173.25,28408600,2018,4,15,10,1,100,False,False,False,False,False,False,1523318400
401,172.229996,173.919998,171.699997,172.440002,22431600,2018,4,15,11,2,101,False,False,False,False,False,False,1523404800
402,173.41000400000001,175.0,173.03999299999998,174.139999,22889300,2018,4,15,12,3,102,False,False,False,False,False,False,1523491200
403,174.779999,175.83999599999999,173.850006,174.729996,25124300,2018,4,15,13,4,103,False,False,False,False,False,False,1523577600
404,175.029999,176.190002,174.830002,175.820007,21578400,2018,4,16,16,0,106,False,False,False,False,False,False,1523836800
405,176.490005,178.940002,176.41000400000001,178.240005,26605400,2018,4,16,17,1,107,False,False,False,False,False,False,1523923200
406,177.809998,178.820007,176.880005,177.83999599999999,20754500,2018,4,16,18,2,108,False,False,False,False,False,False,1524009600
407,173.759995,175.389999,172.66000400000001,172.800003,34808800,2018,4,16,19,3,109,False,False,False,False,False,False,1524096000
408,170.600006,171.220001,165.429993,165.720001,65491100,2018,4,16,20,4,110,False,False,False,False,False,False,1524182400
409,166.830002,166.919998,164.08999599999999,165.240005,36515500,2018,4,17,23,0,113,False,False,False,False,False,False,1524441600
410,165.669998,166.330002,161.220001,162.940002,33692000,2018,4,17,24,1,114,False,False,False,False,False,False,1524528000
411,162.619995,165.419998,162.41000400000001,163.649994,28382100,2018,4,17,25,2,115,False,False,False,False,False,False,1524614400
412,164.119995,165.729996,163.369995,164.220001,27963000,2018,4,17,26,3,116,False,False,False,False,False,False,1524700800
413,164.0,164.330002,160.630005,162.320007,35655800,2018,4,17,27,4,117,False,False,False,False,False,False,1524787200
414,162.130005,167.259995,161.83999599999999,165.259995,42427400,2018,4,18,30,0,120,True,False,False,False,False,False,1525046400
415,166.41000400000001,169.199997,165.270004,169.100006,53569400,2018,5,18,1,1,121,False,True,False,False,False,False,1525132800
416,175.229996,177.75,173.800003,176.570007,66539400,2018,5,18,2,2,122,False,False,False,False,False,False,1525219200
417,175.880005,177.5,174.440002,176.889999,34068200,2018,5,18,3,3,123,False,False,False,False,False,False,1525305600
418,178.25,184.25,178.169998,183.830002,56201300,2018,5,18,4,4,124,False,False,False,False,False,False,1525392000
419,185.179993,187.669998,184.75,185.16000400000001,42451400,2018,5,19,7,0,127,False,False,False,False,False,False,1525651200
420,184.990005,186.220001,183.669998,186.050003,28402800,2018,5,19,8,1,128,False,False,False,False,False,False,1525737600
421,186.550003,187.399994,185.220001,187.360001,23211200,2018,5,19,9,2,129,False,False,False,False,False,False,1525824000
422,187.740005,190.369995,187.649994,190.03999299999998,27989300,2018,5,19,10,3,130,False,False,False,False,False,False,1525910400
423,189.490005,190.059998,187.449997,188.58999599999999,26212200,2018,5,19,11,4,131,False,False,False,False,False,False,1525996800
424,189.009995,189.529999,187.860001,188.149994,20778800,2018,5,20,14,0,134,False,False,False,False,False,False,1526256000
425,186.779999,187.070007,185.100006,186.440002,23695200,2018,5,20,15,1,135,False,False,False,False,False,False,1526342400
426,186.070007,188.46000700000002,186.0,188.179993,19183100,2018,5,20,16,2,136,False,False,False,False,False,False,1526428800
427,188.0,188.91000400000001,186.360001,186.990005,17294000,2018,5,20,17,3,137,False,False,False,False,False,False,1526515200
428,187.190002,187.809998,186.130005,186.309998,18297700,2018,5,20,18,4,138,False,False,False,False,False,False,1526601600
429,188.0,189.270004,186.91000400000001,187.630005,18400800,2018,5,21,21,0,141,False,False,False,False,False,False,1526860800
430,188.380005,188.880005,186.779999,187.16000400000001,15240700,2018,5,21,22,1,142,False,False,False,False,False,False,1526947200
431,186.350006,188.5,185.759995,188.360001,20058400,2018,5,21,23,2,143,False,False,False,False,False,False,1527033600
432,188.770004,188.83999599999999,186.21000700000002,188.149994,23234000,2018,5,21,24,3,144,False,False,False,False,False,False,1527120000
433,188.229996,189.649994,187.649994,188.580002,17461000,2018,5,21,25,4,145,False,False,False,False,False,False,1527206400
434,187.600006,188.75,186.869995,187.899994,22514100,2018,5,22,29,1,149,False,False,False,False,False,False,1527552000
435,187.720001,188.0,186.779999,187.5,18690500,2018,5,22,30,2,150,False,False,False,False,False,False,1527638400
436,187.220001,188.229996,186.139999,186.869995,27482800,2018,5,22,31,3,151,True,False,False,False,False,False,1527724800
437,187.990005,190.259995,187.75,190.240005,23442500,2018,6,22,1,4,152,False,True,False,False,False,False,1527811200
438,191.639999,193.419998,191.350006,191.830002,26266200,2018,6,23,4,0,155,False,False,False,False,False,False,1528070400
439,193.070007,193.940002,192.360001,193.309998,21566000,2018,6,23,5,1,156,False,False,False,False,False,False,1528156800
440,193.630005,194.080002,191.919998,193.979996,20933600,2018,6,23,6,2,157,False,False,False,False,False,False,1528243200
441,194.139999,194.199997,192.33999599999999,193.46000700000002,21347200,2018,6,23,7,3,158,False,False,False,False,False,False,1528329600
442,191.169998,192.0,189.770004,191.699997,26656800,2018,6,23,8,4,159,False,False,False,False,False,False,1528416000
443,191.350006,191.970001,190.21000700000002,191.229996,18308500,2018,6,24,11,0,162,False,False,False,False,False,False,1528675200
444,191.389999,192.610001,191.149994,192.279999,16911100,2018,6,24,12,1,163,False,False,False,False,False,False,1528761600
445,192.419998,192.880005,190.440002,190.699997,21638400,2018,6,24,13,2,164,False,False,False,False,False,False,1528848000
446,191.550003,191.570007,190.220001,190.800003,21610100,2018,6,24,14,3,165,False,False,False,False,False,False,1528934400
447,190.029999,190.16000400000001,188.259995,188.83999599999999,61719200,2018,6,24,15,4,166,False,False,False,False,False,False,1529020800
448,187.880005,189.220001,187.199997,188.740005,18484900,2018,6,25,18,0,169,False,False,False,False,False,False,1529280000
449,185.139999,186.330002,183.449997,185.690002,33578500,2018,6,25,19,1,170,False,False,False,False,False,False,1529366400
450,186.350006,187.199997,185.729996,186.5,20628700,2018,6,25,20,2,171,False,False,False,False,False,False,1529452800
451,187.25,188.350006,184.940002,185.46000700000002,25711900,2018,6,25,21,3,172,False,False,False,False,False,False,1529539200
452,186.119995,186.149994,184.699997,184.919998,27200400,2018,6,25,22,4,173,False,False,False,False,False,False,1529625600
453,183.399994,184.919998,180.729996,182.169998,31663100,2018,6,26,25,0,176,False,False,False,False,False,False,1529884800
454,182.990005,186.529999,182.53999299999998,184.429993,24569200,2018,6,26,26,1,177,False,False,False,False,False,False,1529971200
455,185.229996,187.279999,184.029999,184.16000400000001,25285300,2018,6,26,27,2,178,False,False,False,False,False,False,1530057600
456,184.100006,186.21000700000002,183.800003,185.5,17365200,2018,6,26,28,3,179,False,False,False,False,False,False,1530144000
457,186.28999299999998,187.190002,182.91000400000001,185.110001,22737700,2018,6,26,29,4,180,False,False,False,False,False,False,1530230400
458,183.820007,187.300003,183.419998,187.179993,17731300,2018,7,27,2,0,183,False,False,False,False,False,False,1530489600
459,187.78999299999998,187.949997,183.53999299999998,183.919998,13954800,2018,7,27,3,1,184,False,False,False,False,False,False,1530576000
460,185.259995,186.41000400000001,184.279999,185.399994,16604200,2018,7,27,5,3,186,False,False,False,False,False,False,1530748800
461,185.419998,188.429993,185.199997,187.970001,17485200,2018,7,27,6,4,187,False,False,False,False,False,False,1530835200
462,189.5,190.679993,189.300003,190.580002,19756600,2018,7,28,9,0,190,False,False,False,False,False,False,1531094400
463,190.71000700000002,191.279999,190.179993,190.350006,15939100,2018,7,28,10,1,191,False,False,False,False,False,False,1531180800
464,188.5,189.779999,187.610001,187.880005,18831500,2018,7,28,11,2,192,False,False,False,False,False,False,1531267200
465,189.529999,191.41000400000001,189.309998,191.029999,18041100,2018,7,28,12,3,193,False,False,False,False,False,False,1531353600
466,191.080002,191.83999599999999,190.899994,191.330002,12513900,2018,7,28,13,4,194,False,False,False,False,False,False,1531440000
467,191.520004,192.649994,190.419998,190.91000400000001,15043100,2018,7,29,16,0,197,False,False,False,False,False,False,1531699200
468,189.75,191.869995,189.199997,191.449997,15534500,2018,7,29,17,1,198,False,False,False,False,False,False,1531785600
469,191.779999,191.800003,189.929993,190.399994,16393400,2018,7,29,18,2,199,False,False,False,False,False,False,1531872000
470,189.690002,192.550003,189.690002,191.880005,20286800,2018,7,29,19,3,200,False,False,False,False,False,False,1531958400
471,191.779999,192.429993,190.169998,191.440002,20676200,2018,7,29,20,4,201,False,False,False,False,False,False,1532044800
472,190.679993,191.96000700000002,189.559998,191.610001,15989400,2018,7,30,23,0,204,False,False,False,False,False,False,1532304000
473,192.449997,193.66000400000001,192.050003,193.0,18697900,2018,7,30,24,1,205,False,False,False,False,False,False,1532390400
474,193.059998,194.850006,192.429993,194.820007,16709900,2018,7,30,25,2,206,False,False,False,False,False,False,1532476800
475,194.610001,195.96000700000002,193.610001,194.21000700000002,19076000,2018,7,30,26,3,207,False,False,False,False,False,False,1532563200
476,194.990005,195.190002,190.100006,190.979996,24024000,2018,7,30,27,4,208,False,False,False,False,False,False,1532649600
477,191.899994,192.199997,189.070007,189.91000400000001,21029500,2018,7,31,30,0,211,False,False,False,False,False,False,1532908800
478,190.300003,192.139999,189.33999599999999,190.28999299999998,39373000,2018,7,31,31,1,212,True,False,False,False,False,False,1532995200
479,199.130005,201.759995,197.309998,201.5,67935700,2018,8,31,1,2,213,False,True,False,False,False,False,1533081600
480,200.580002,208.380005,200.350006,207.389999,62404000,2018,8,31,2,3,214,False,False,False,False,False,False,1533168000
481,207.029999,208.740005,205.479996,207.990005,33447400,2018,8,31,3,4,215,False,False,False,False,False,False,1533254400
482,208.0,209.25,207.070007,209.070007,25425400,2018,8,32,6,0,218,False,False,False,False,False,False,1533513600
483,209.320007,209.5,206.759995,207.110001,25587400,2018,8,32,7,1,219,False,False,False,False,False,False,1533600000
484,206.050003,207.809998,204.520004,207.25,22525500,2018,8,32,8,2,220,False,False,False,False,False,False,1533686400
485,209.529999,209.77999900000003,207.199997,208.880005,23492600,2018,8,32,9,3,221,False,False,False,False,False,False,1533772800
486,207.360001,209.100006,206.669998,207.529999,24611200,2018,8,32,10,4,222,False,False,False,False,False,False,1533859200
487,209.309998,210.94999700000002,207.699997,208.869995,25890900,2018,8,33,13,0,225,False,False,False,False,False,False,1534118400
488,210.16000400000001,210.559998,208.259995,209.75,20748000,2018,8,33,14,1,226,False,False,False,False,False,False,1534204800
489,209.220001,210.74000499999997,208.330002,210.24000499999997,28807600,2018,8,33,15,2,227,False,False,False,False,False,False,1534291200
490,211.75,213.809998,211.47000099999997,213.32000699999998,28500400,2018,8,33,16,3,228,False,False,False,False,False,False,1534377600
491,213.440002,217.94999700000002,213.16000400000001,217.580002,35427000,2018,8,33,17,4,229,False,False,False,False,False,False,1534464000
492,218.100006,219.17999300000002,215.11000099999998,215.460007,30287700,2018,8,34,20,0,232,False,False,False,False,False,False,1534723200
493,216.80000299999998,217.190002,214.02999900000003,215.039993,26159800,2018,8,34,21,1,233,False,False,False,False,False,False,1534809600
494,214.100006,216.36000099999998,213.83999599999999,215.05000299999998,19018100,2018,8,34,22,2,234,False,False,False,False,False,False,1534896000
495,214.649994,217.05000299999998,214.600006,215.49000499999997,18883200,2018,8,34,23,3,235,False,False,False,False,False,False,1534982400
496,216.600006,216.899994,215.11000099999998,216.16000400000001,18476400,2018,8,34,24,4,236,False,False,False,False,False,False,1535068800
497,217.149994,218.74000499999997,216.330002,217.940002,20525100,2018,8,35,27,0,239,False,False,False,False,False,False,1535328000
498,219.00999500000003,220.539993,218.919998,219.69999700000002,22776800,2018,8,35,28,1,240,False,False,False,False,False,False,1535414400
499,220.149994,223.49000499999997,219.41000400000001,222.979996,27254800,2018,8,35,29,2,241,False,False,False,False,False,False,1535500800
500,223.25,228.25999500000003,222.399994,225.02999900000003,48793800,2018,8,35,30,3,242,False,False,False,False,False,False,1535587200
501,226.50999500000003,228.86999500000002,226.0,227.63000499999998,43340100,2018,8,35,31,4,243,True,False,False,False,False,False,1535673600
502,228.41000400000001,229.17999300000002,226.63000499999998,228.36000099999998,27390100,2018,9,36,4,1,247,False,False,False,False,False,False,1536019200
503,228.99000499999997,229.669998,225.100006,226.86999500000002,33333000,2018,9,36,5,2,248,False,False,False,False,False,False,1536105600
504,226.229996,227.350006,221.30000299999998,223.100006,34290000,2018,9,36,6,3,249,False,False,False,False,False,False,1536192000
505,221.850006,225.36999500000002,220.710007,221.30000299999998,37619800,2018,9,36,7,4,250,False,False,False,False,False,False,1536278400
506,220.94999700000002,221.850006,216.47000099999997,218.330002,39516500,2018,9,37,10,0,253,False,False,False,False,False,False,1536537600
507,218.00999500000003,224.30000299999998,216.559998,223.850006,35749000,2018,9,37,11,1,254,False,False,False,False,False,False,1536624000
508,224.940002,225.0,219.83999599999999,221.07000699999998,49278700,2018,9,37,12,2,255,False,False,False,False,False,False,1536710400
509,223.520004,228.350006,222.57000699999998,226.41000400000001,41706400,2018,9,37,13,3,256,False,False,False,False,False,False,1536796800
510,225.75,226.83999599999999,222.520004,223.83999599999999,31999300,2018,9,37,14,4,257,False,False,False,False,False,False,1536883200
511,222.149994,222.94999700000002,217.270004,217.88000499999998,37195100,2018,9,38,17,0,260,False,False,False,False,False,False,1537142400
512,217.789993,221.850006,217.11999500000002,218.24000499999997,31571700,2018,9,38,18,1,261,False,False,False,False,False,False,1537228800
513,218.5,219.61999500000002,215.30000299999998,218.36999500000002,27123800,2018,9,38,19,2,262,False,False,False,False,False,False,1537315200
514,220.24000499999997,222.27999900000003,219.149994,220.02999900000003,26608800,2018,9,38,20,3,263,False,False,False,False,False,False,1537401600
515,220.77999900000003,221.36000099999998,217.289993,217.66000400000001,96246700,2018,9,38,21,4,264,False,False,False,False,False,False,1537488000
516,216.82000699999998,221.25999500000003,216.63000499999998,220.789993,27693400,2018,9,39,24,0,267,False,False,False,False,False,False,1537747200
517,219.75,222.82000699999998,219.69999700000002,222.190002,24554400,2018,9,39,25,1,268,False,False,False,False,False,False,1537833600
518,221.0,223.75,219.75999500000003,220.419998,23984700,2018,9,39,26,2,269,False,False,False,False,False,False,1537920000
519,223.82000699999998,226.440002,223.539993,224.94999700000002,30181200,2018,9,39,27,3,270,False,False,False,False,False,False,1538006400
520,224.789993,225.83999599999999,224.020004,225.74000499999997,22929400,2018,9,39,28,4,271,False,False,False,False,False,False,1538092800
521,227.94999700000002,229.419998,226.350006,227.25999500000003,23600800,2018,10,40,1,0,274,False,True,False,True,False,False,1538352000
522,227.25,230.0,226.63000499999998,229.27999900000003,24788200,2018,10,40,2,1,275,False,False,False,False,False,False,1538438400
523,230.05000299999998,233.47000099999997,229.77999900000003,232.07000699999998,28654800,2018,10,40,3,2,276,False,False,False,False,False,False,1538524800
524,230.77999900000003,232.350006,226.729996,227.99000499999997,32042000,2018,10,40,4,3,277,False,False,False,False,False,False,1538611200
525,227.960007,228.41000400000001,220.580002,224.289993,33580500,2018,10,40,5,4,278,False,False,False,False,False,False,1538697600
526,222.210007,224.80000299999998,220.19999700000002,223.770004,29663900,2018,10,41,8,0,281,False,False,False,False,False,False,1538956800
527,223.63999900000002,227.270004,222.25,226.86999500000002,26891000,2018,10,41,9,1,282,False,False,False,False,False,False,1539043200
528,225.460007,226.350006,216.05000299999998,216.36000099999998,41990600,2018,10,41,10,2,283,False,False,False,False,False,False,1539129600
529,214.520004,219.5,212.32000699999998,214.44999700000002,53124400,2018,10,41,11,3,284,False,False,False,False,False,False,1539216000
530,220.419998,222.88000499999998,216.83999599999999,222.11000099999998,40337900,2018,10,41,12,4,285,False,False,False,False,False,False,1539302400
531,221.16000400000001,221.830002,217.270004,217.36000099999998,30791000,2018,10,42,15,0,288,False,False,False,False,False,False,1539561600
532,218.92999300000002,222.99000499999997,216.75999500000003,222.149994,29184000,2018,10,42,16,1,289,False,False,False,False,False,False,1539648000
533,222.30000299999998,222.63999900000002,219.33999599999999,221.190002,22885400,2018,10,42,17,2,290,False,False,False,False,False,False,1539734400
534,217.86000099999998,219.74000499999997,213.0,216.020004,32581300,2018,10,42,18,3,291,False,False,False,False,False,False,1539820800
535,218.059998,221.25999500000003,217.42999300000002,219.309998,33078700,2018,10,42,19,4,292,False,False,False,False,False,False,1539907200
536,219.789993,223.36000099999998,218.940002,220.649994,28792100,2018,10,43,22,0,295,False,False,False,False,False,False,1540166400
537,215.830002,223.25,214.69999700000002,222.729996,38767800,2018,10,43,23,1,296,False,False,False,False,False,False,1540252800
538,222.600006,224.229996,214.539993,215.08999599999999,40925500,2018,10,43,24,2,297,False,False,False,False,False,False,1540339200
539,217.710007,221.38000499999998,216.75,219.80000299999998,29855800,2018,10,43,25,3,298,False,False,False,False,False,False,1540425600
540,215.899994,220.190002,212.669998,216.30000299999998,47258400,2018,10,43,26,4,299,False,False,False,False,False,False,1540512000
541,219.190002,219.690002,206.08999599999999,212.24000499999997,45935500,2018,10,44,29,0,302,False,False,False,False,False,False,1540771200
542,211.149994,215.17999300000002,209.270004,213.30000299999998,36660000,2018,10,44,30,1,303,False,False,False,False,False,False,1540857600
543,216.88000499999998,220.44999700000002,216.61999500000002,218.86000099999998,38358900,2018,10,44,31,2,304,True,False,False,False,False,False,1540944000
544,219.05000299999998,222.36000099999998,216.809998,222.22000099999997,58323200,2018,11,44,1,3,305,False,True,False,False,False,False,1541030400
545,209.550003,213.649994,205.429993,207.479996,91328700,2018,11,44,2,4,306,False,False,False,False,False,False,1541116800
546,204.300003,204.389999,198.169998,201.58999599999999,66163700,2018,11,45,5,0,309,False,False,False,False,False,False,1541376000
547,201.919998,204.720001,201.690002,203.770004,31882900,2018,11,45,6,1,310,False,False,False,False,False,False,1541462400
548,205.970001,210.059998,204.130005,209.94999700000002,33424400,2018,11,45,7,2,311,False,False,False,False,False,False,1541548800
549,209.979996,210.11999500000002,206.75,208.490005,25362600,2018,11,45,8,3,312,False,False,False,False,False,False,1541635200
550,205.550003,206.009995,202.25,204.470001,34365800,2018,11,45,9,4,313,False,False,False,False,False,False,1541721600
551,199.0,199.850006,193.78999299999998,194.169998,51135500,2018,11,46,12,0,316,False,False,False,False,False,False,1541980800
552,191.630005,197.179993,191.449997,192.229996,46882900,2018,11,46,13,1,317,False,False,False,False,False,False,1542067200
553,193.899994,194.479996,185.929993,186.800003,60801000,2018,11,46,14,2,318,False,False,False,False,False,False,1542153600
554,188.389999,191.970001,186.899994,191.41000400000001,46478800,2018,11,46,15,3,319,False,False,False,False,False,False,1542240000
555,190.5,194.970001,189.46000700000002,193.529999,36928300,2018,11,46,16,4,320,False,False,False,False,False,False,1542326400
556,190.0,190.699997,184.990005,185.860001,41925300,2018,11,47,19,0,323,False,False,False,False,False,False,1542585600
557,178.369995,181.470001,175.509995,176.979996,67825200,2018,11,47,20,1,324,False,False,False,False,False,False,1542672000
558,179.729996,180.270004,176.550003,176.779999,31124200,2018,11,47,21,2,325,False,False,False,False,False,False,1542758400
559,174.940002,176.600006,172.100006,172.28999299999998,23624000,2018,11,47,23,4,327,False,False,False,False,False,False,1542931200
560,174.240005,174.949997,170.259995,174.619995,44998500,2018,11,48,26,0,330,False,False,False,False,False,False,1543190400
561,171.509995,174.770004,170.880005,174.240005,41387400,2018,11,48,27,1,331,False,False,False,False,False,False,1543276800
562,176.729996,181.28999299999998,174.929993,180.940002,46062500,2018,11,48,28,2,332,False,False,False,False,False,False,1543363200
563,182.66000400000001,182.800003,177.699997,179.550003,41770000,2018,11,48,29,3,333,False,False,False,False,False,False,1543449600
564,180.28999299999998,180.330002,177.029999,178.580002,39531500,2018,11,48,30,4,334,True,False,False,False,False,False,1543536000
565,184.46000700000002,184.940002,181.21000700000002,184.820007,40802500,2018,12,49,3,0,337,False,False,False,False,False,False,1543795200
566,180.949997,182.389999,176.270004,176.690002,41344300,2018,12,49,4,1,338,False,False,False,False,False,False,1543881600
567,171.759995,174.779999,170.419998,174.720001,43098400,2018,12,49,6,3,340,False,False,False,False,False,False,1544054400
568,173.490005,174.490005,168.300003,168.490005,42281600,2018,12,49,7,4,341,False,False,False,False,False,False,1544140800
569,165.0,170.08999599999999,163.330002,169.600006,62026000,2018,12,50,10,0,344,False,False,False,False,False,False,1544400000
570,171.66000400000001,171.78999299999998,167.0,168.630005,47281700,2018,12,50,11,1,345,False,False,False,False,False,False,1544486400
571,170.399994,171.919998,169.020004,169.100006,35627700,2018,12,50,12,2,346,False,False,False,False,False,False,1544572800
572,170.490005,172.570007,169.550003,170.949997,31898600,2018,12,50,13,3,347,False,False,False,False,False,False,1544659200
573,169.0,169.080002,165.279999,165.479996,40703700,2018,12,50,14,4,348,False,False,False,False,False,False,1544745600
574,165.449997,168.350006,162.729996,163.940002,44287900,2018,12,51,17,0,351,False,False,False,False,False,False,1545004800
575,165.380005,167.529999,164.389999,166.070007,33841500,2018,12,51,18,1,352,False,False,False,False,False,False,1545091200
576,166.0,167.449997,159.08999599999999,160.889999,49047300,2018,12,51,19,2,353,False,False,False,False,False,False,1545177600
577,160.399994,162.110001,155.300003,156.830002,64773000,2018,12,51,20,3,354,False,False,False,False,False,False,1545264000
578,156.860001,158.16000400000001,149.630005,150.729996,95744600,2018,12,51,21,4,355,False,False,False,False,False,False,1545350400
579,148.149994,151.550003,146.58999599999999,146.830002,37169200,2018,12,52,24,0,358,False,False,False,False,False,False,1545609600
580,148.300003,157.229996,146.720001,157.169998,58582500,2018,12,52,26,2,360,False,False,False,False,False,False,1545782400
581,155.83999599999999,156.770004,150.070007,156.149994,53117100,2018,12,52,27,3,361,False,False,False,False,False,False,1545868800
582,157.5,158.520004,154.550003,156.229996,42291400,2018,12,52,28,4,362,False,False,False,False,False,False,1545955200
583,158.529999,159.360001,156.479996,157.740005,35003500,2018,12,1,31,0,365,True,False,True,False,True,False,1546214400
584,154.889999,158.850006,154.229996,157.919998,37039700,2019,1,1,2,2,2,False,False,False,False,False,False,1546387200
585,143.979996,145.720001,142.0,142.190002,91312200,2019,1,1,3,3,3,False,False,False,False,False,False,1546473600
586,144.529999,148.550003,143.800003,148.259995,58607100,2019,1,1,4,4,4,False,False,False,False,False,False,1546560000
587,148.699997,148.830002,145.899994,147.929993,54777800,2019,1,2,7,0,7,False,False,False,False,False,False,1546819200
588,149.559998,151.820007,148.520004,150.75,41025300,2019,1,2,8,1,8,False,False,False,False,False,False,1546905600
589,151.28999299999998,154.529999,149.630005,153.309998,45099100,2019,1,2,9,2,9,False,False,False,False,False,False,1546992000
590,152.5,153.970001,150.860001,153.800003,35780700,2019,1,2,10,3,10,False,False,False,False,False,False,1547078400
591,152.880005,153.699997,151.509995,152.28999299999998,27023200,2019,1,2,11,4,11,False,False,False,False,False,False,1547164800
592,150.850006,151.270004,149.220001,150.0,32439200,2019,1,3,14,0,14,False,False,False,False,False,False,1547424000
593,150.270004,153.389999,150.050003,153.070007,28710900,2019,1,3,15,1,15,False,False,False,False,False,False,1547510400
594,153.080002,155.880005,153.0,154.940002,30569700,2019,1,3,16,2,16,False,False,False,False,False,False,1547596800
595,154.199997,157.66000400000001,153.259995,155.860001,29821200,2019,1,3,17,3,17,False,False,False,False,False,False,1547683200
596,157.5,157.880005,155.979996,156.820007,33751000,2019,1,3,18,4,18,False,False,False,False,False,False,1547769600
597,156.41000400000001,156.729996,152.619995,153.300003,30394000,2019,1,4,22,1,22,False,False,False,False,False,False,1548115200
598,154.149994,155.139999,151.699997,153.919998,23130600,2019,1,4,23,2,23,False,False,False,False,False,False,1548201600
599,154.110001,154.479996,151.740005,152.699997,25441500,2019,1,4,24,3,24,False,False,False,False,False,False,1548288000
600,155.479996,158.130005,154.320007,157.759995,33535500,2019,1,4,25,4,25,False,False,False,False,False,False,1548374400
601,155.78999299999998,156.330002,153.66000400000001,156.300003,26192100,2019,1,5,28,0,28,False,False,False,False,False,False,1548633600
602,156.25,158.130005,154.110001,154.679993,41587200,2019,1,5,29,1,29,False,False,False,False,False,False,1548720000
603,163.25,166.149994,160.229996,165.25,61109800,2019,1,5,30,2,30,False,False,False,False,False,False,1548806400
604,166.110001,169.0,164.559998,166.440002,40739600,2019,1,5,31,3,31,True,False,False,False,False,False,1548892800
605,166.96000700000002,168.979996,165.929993,166.520004,32668100,2019,2,5,1,4,32,False,True,False,False,False,False,1548979200
606,167.41000400000001,171.66000400000001,167.279999,171.25,31495500,2019,2,6,4,0,35,False,False,False,False,False,False,1549238400
607,172.860001,175.080002,172.350006,174.179993,36101600,2019,2,6,5,1,36,False,False,False,False,False,False,1549324800
608,174.649994,175.570007,172.850006,174.240005,28239600,2019,2,6,6,2,37,False,False,False,False,False,False,1549411200
609,172.399994,173.940002,170.33999599999999,170.940002,31741700,2019,2,6,7,3,38,False,False,False,False,False,False,1549497600
610,168.990005,170.66000400000001,168.419998,170.41000400000001,23820000,2019,2,6,8,4,39,False,False,False,False,False,False,1549584000
611,171.050003,171.21000700000002,169.25,169.429993,20993400,2019,2,7,11,0,42,False,False,False,False,False,False,1549843200
612,170.100006,171.0,169.699997,170.889999,22283500,2019,2,7,12,1,43,False,False,False,False,False,False,1549929600
613,171.389999,172.479996,169.919998,170.179993,22490200,2019,2,7,13,2,44,False,False,False,False,False,False,1550016000
614,169.71000700000002,171.259995,169.380005,170.800003,21835700,2019,2,7,14,3,45,False,False,False,False,False,False,1550102400
615,171.25,171.699997,169.75,170.419998,24626800,2019,2,7,15,4,46,False,False,False,False,False,False,1550188800
616,169.71000700000002,171.440002,169.490005,170.929993,18972800,2019,2,8,19,1,50,False,False,False,False,False,False,1550534400
617,171.190002,173.320007,170.990005,172.029999,26114400,2019,2,8,20,2,51,False,False,False,False,False,False,1550620800
618,171.800003,172.369995,170.300003,171.059998,17249700,2019,2,8,21,3,52,False,False,False,False,False,False,1550707200
619,171.580002,173.0,171.380005,172.970001,18913200,2019,2,8,22,4,53,False,False,False,False,False,False,1550793600
620,174.16000400000001,175.869995,173.949997,174.229996,21873400,2019,2,9,25,0,56,False,False,False,False,False,False,1551052800
621,173.71000700000002,175.300003,173.169998,174.330002,17070200,2019,2,9,26,1,57,False,False,False,False,False,False,1551139200
622,173.21000700000002,175.0,172.729996,174.869995,27835400,2019,2,9,27,2,58,False,False,False,False,False,False,1551225600
623,174.320007,174.91000400000001,172.919998,173.149994,28215400,2019,2,9,28,3,59,True,False,False,False,False,False,1551312000
624,174.279999,175.149994,172.889999,174.970001,25886200,2019,3,9,1,4,60,False,True,False,False,False,False,1551398400
625,175.690002,177.75,173.970001,175.850006,27436200,2019,3,10,4,0,63,False,False,False,False,False,False,1551657600
626,175.940002,176.0,174.53999299999998,175.529999,19737400,2019,3,10,5,1,64,False,False,False,False,False,False,1551744000
627,174.669998,175.490005,173.940002,174.520004,20810400,2019,3,10,6,2,65,False,False,False,False,False,False,1551830400
628,173.869995,174.440002,172.020004,172.5,24796400,2019,3,10,7,3,66,False,False,False,False,False,False,1551916800
629,170.320007,173.070007,169.5,172.91000400000001,23999400,2019,3,10,8,4,67,False,False,False,False,False,False,1552003200
630,175.490005,179.119995,175.350006,178.899994,32011000,2019,3,11,11,0,70,False,False,False,False,False,False,1552262400
631,180.0,182.669998,179.369995,180.91000400000001,32467600,2019,3,11,12,1,71,False,False,False,False,False,False,1552348800
632,182.25,183.300003,180.919998,181.71000700000002,31032500,2019,3,11,13,2,72,False,False,False,False,False,False,1552435200
633,183.899994,184.100006,182.559998,183.729996,23579500,2019,3,11,14,3,73,False,False,False,False,False,False,1552521600
634,184.850006,187.330002,183.740005,186.119995,39042900,2019,3,11,15,4,74,False,False,False,False,False,False,1552608000
635,185.800003,188.389999,185.78999299999998,188.020004,26219800,2019,3,12,18,0,77,False,False,False,False,False,False,1552867200
636,188.350006,188.990005,185.919998,186.529999,31646400,2019,3,12,19,1,78,False,False,False,False,False,False,1552953600
637,186.229996,189.490005,184.729996,188.16000400000001,31035200,2019,3,12,20,2,79,False,False,False,False,False,False,1553040000
638,190.020004,196.330002,189.809998,195.08999599999999,51034200,2019,3,12,21,3,80,False,False,False,False,False,False,1553126400
639,195.33999599999999,197.690002,190.779999,191.050003,42407700,2019,3,12,22,4,81,False,False,False,False,False,False,1553212800
640,191.509995,191.979996,186.600006,188.740005,43845300,2019,3,13,25,0,84,False,False,False,False,False,False,1553472000
641,191.66000400000001,192.880005,184.580002,186.78999299999998,49800500,2019,3,13,26,1,85,False,False,False,False,False,False,1553558400
642,188.75,189.759995,186.550003,188.470001,29848400,2019,3,13,27,2,86,False,False,False,False,False,False,1553644800
643,188.949997,189.559998,187.529999,188.720001,20780400,2019,3,13,28,3,87,False,False,False,False,False,False,1553731200
644,189.830002,190.080002,188.53999299999998,189.949997,23564000,2019,3,13,29,4,88,False,False,False,False,False,False,1553817600
645,191.639999,191.679993,188.380005,191.240005,27862000,2019,4,14,1,0,91,False,True,False,True,False,False,1554076800
646,191.08999599999999,194.46000700000002,191.050003,194.020004,22765700,2019,4,14,2,1,92,False,False,False,False,False,False,1554163200
647,193.25,196.5,193.149994,195.350006,23271800,2019,4,14,3,2,93,False,False,False,False,False,False,1554249600
648,194.78999299999998,196.369995,193.139999,195.690002,19114300,2019,4,14,4,3,94,False,False,False,False,False,False,1554336000
649,196.449997,197.100006,195.929993,197.0,18526600,2019,4,14,5,4,95,False,False,False,False,False,False,1554422400
650,196.419998,200.229996,196.33999599999999,200.100006,25881700,2019,4,15,8,0,98,False,False,False,False,False,False,1554681600
651,200.320007,202.850006,199.229996,199.5,35768200,2019,4,15,9,1,99,False,False,False,False,False,False,1554768000
652,198.679993,200.740005,198.179993,200.619995,21695300,2019,4,15,10,2,100,False,False,False,False,False,False,1554854400
653,200.850006,201.0,198.440002,198.949997,20900800,2019,4,15,11,3,101,False,False,False,False,False,False,1554940800
654,199.199997,200.139999,196.21000700000002,198.869995,27760700,2019,4,15,12,4,102,False,False,False,False,False,False,1555027200
655,198.580002,199.850006,198.009995,199.229996,17536600,2019,4,16,15,0,105,False,False,False,False,False,False,1555286400
656,199.46000700000002,201.369995,198.559998,199.25,25696400,2019,4,16,16,1,106,False,False,False,False,False,False,1555372800
657,199.53999299999998,203.380005,198.610001,203.130005,28906800,2019,4,16,17,2,107,False,False,False,False,False,False,1555459200
658,203.119995,204.149994,202.520004,203.860001,24195800,2019,4,16,18,3,108,False,False,False,False,False,False,1555545600
659,202.830002,204.940002,202.33999599999999,204.529999,19439500,2019,4,17,22,0,112,False,False,False,False,False,False,1555891200
660,204.429993,207.75,203.899994,207.479996,23323000,2019,4,17,23,1,113,False,False,False,False,False,False,1555977600
661,207.360001,208.479996,207.050003,207.16000400000001,17540600,2019,4,17,24,2,114,False,False,False,False,False,False,1556064000
662,206.830002,207.759995,205.119995,205.279999,18543200,2019,4,17,25,3,115,False,False,False,False,False,False,1556150400
663,204.899994,205.0,202.119995,204.300003,18649100,2019,4,17,26,4,116,False,False,False,False,False,False,1556236800
664,204.399994,205.970001,203.860001,204.610001,22204700,2019,4,18,29,0,119,False,False,False,False,False,False,1556496000
665,203.059998,203.399994,199.110001,200.669998,46534900,2019,4,18,30,1,120,True,False,False,False,False,False,1556582400
666,209.88000499999998,215.309998,209.229996,210.520004,64827300,2019,5,18,1,2,121,False,True,False,False,False,False,1556668800
667,209.83999599999999,212.649994,208.130005,209.149994,31996300,2019,5,18,2,3,122,False,False,False,False,False,False,1556755200
668,210.88999900000002,211.83999599999999,210.229996,211.75,20892400,2019,5,18,3,4,123,False,False,False,False,False,False,1556841600
669,204.28999299999998,208.83999599999999,203.5,208.479996,32443100,2019,5,19,6,0,126,False,False,False,False,False,False,1557100800
670,205.880005,207.419998,200.830002,202.860001,38763700,2019,5,19,7,1,127,False,False,False,False,False,False,1557187200
671,201.899994,205.33999599999999,201.75,202.899994,26339500,2019,5,19,8,2,128,False,False,False,False,False,False,1557273600
672,200.399994,201.679993,196.66000400000001,200.720001,34908600,2019,5,19,9,3,129,False,False,False,False,False,False,1557360000
673,197.419998,198.850006,192.770004,197.179993,41208700,2019,5,19,10,4,130,False,False,False,False,False,False,1557446400
674,187.71000700000002,189.479996,182.850006,185.720001,57430600,2019,5,20,13,0,133,False,False,False,False,False,False,1557705600
675,186.41000400000001,189.699997,185.41000400000001,188.66000400000001,36529700,2019,5,20,14,1,134,False,False,False,False,False,False,1557792000
676,186.270004,191.75,186.020004,190.919998,26544700,2019,5,20,15,2,135,False,False,False,False,False,False,1557878400
677,189.91000400000001,192.470001,188.83999599999999,190.080002,33031400,2019,5,20,16,3,136,False,False,False,False,False,False,1557964800
678,186.929993,190.899994,186.759995,189.0,32879100,2019,5,20,17,4,137,False,False,False,False,False,False,1558051200
679,183.520004,184.350006,180.279999,183.08999599999999,38612300,2019,5,21,20,0,140,False,False,False,False,False,False,1558310400
680,185.220001,188.0,184.699997,186.600006,28364800,2019,5,21,21,1,141,False,False,False,False,False,False,1558396800
681,184.66000400000001,185.71000700000002,182.550003,182.779999,29748600,2019,5,21,22,2,142,False,False,False,False,False,False,1558483200
682,179.800003,180.53999299999998,177.809998,179.66000400000001,36529700,2019,5,21,23,3,143,False,False,False,False,False,False,1558569600
683,180.199997,182.139999,178.619995,178.970001,23714700,2019,5,21,24,4,144,False,False,False,False,False,False,1558656000
684,178.919998,180.58999599999999,177.91000400000001,178.229996,27948200,2019,5,22,28,1,148,False,False,False,False,False,False,1559001600
685,176.419998,179.350006,176.0,177.380005,28481200,2019,5,22,29,2,149,False,False,False,False,False,False,1559088000
686,177.949997,179.229996,176.669998,178.300003,21218400,2019,5,22,30,3,150,False,False,False,False,False,False,1559174400
687,176.229996,177.990005,174.990005,175.070007,27043600,2019,5,22,31,4,151,True,False,False,False,False,False,1559260800
688,175.600006,177.919998,170.270004,173.300003,40396100,2019,6,23,3,0,154,False,False,False,False,False,False,1559520000
689,175.440002,179.830002,174.520004,179.639999,30968000,2019,6,23,4,1,155,False,False,False,False,False,False,1559606400
690,184.279999,184.990005,181.139999,182.53999299999998,29773400,2019,6,23,5,2,156,False,False,False,False,False,False,1559692800
691,183.080002,185.470001,182.149994,185.220001,22526300,2019,6,23,6,3,157,False,False,False,False,False,False,1559779200
692,186.509995,191.919998,185.770004,190.149994,30684400,2019,6,23,7,4,158,False,False,False,False,False,False,1559865600
693,191.809998,195.369995,191.619995,192.580002,26220900,2019,6,24,10,0,161,False,False,False,False,False,False,1560124800
694,194.860001,196.0,193.600006,194.809998,26932900,2019,6,24,11,1,162,False,False,False,False,False,False,1560211200
695,193.949997,195.970001,193.389999,194.190002,18253200,2019,6,24,12,2,163,False,False,False,False,False,False,1560297600
696,194.699997,196.78999299999998,193.600006,194.149994,21674600,2019,6,24,13,3,164,False,False,False,False,False,False,1560384000
697,191.550003,193.58999599999999,190.300003,192.740005,18761500,2019,6,24,14,4,165,False,False,False,False,False,False,1560470400
698,192.899994,194.96000700000002,192.169998,193.889999,14669100,2019,6,25,17,0,168,False,False,False,False,False,False,1560729600
699,196.050003,200.28999299999998,195.21000700000002,198.449997,26551000,2019,6,25,18,1,169,False,False,False,False,False,False,1560816000
700,199.679993,199.880005,197.309998,197.869995,21124200,2019,6,25,19,2,170,False,False,False,False,False,False,1560902400
701,200.369995,200.610001,198.029999,199.46000700000002,21514000,2019,6,25,20,3,171,False,False,False,False,False,False,1560988800
702,198.800003,200.850006,198.149994,198.779999,47800600,2019,6,25,21,4,172,False,False,False,False,False,False,1561075200
703,198.53999299999998,200.16000400000001,198.169998,198.580002,18220400,2019,6,26,24,0,175,False,False,False,False,False,False,1561334400
704,198.429993,199.259995,195.28999299999998,195.570007,21070300,2019,6,26,25,1,176,False,False,False,False,False,False,1561420800
705,197.770004,200.990005,197.350006,199.800003,26067500,2019,6,26,26,2,177,False,False,False,False,False,False,1561507200
706,200.28999299999998,201.570007,199.570007,199.740005,20899700,2019,6,26,27,3,178,False,False,False,False,False,False,1561593600
707,198.679993,199.5,197.050003,197.919998,31110600,2019,6,26,28,4,179,False,False,False,False,False,False,1561680000
708,203.169998,204.490005,200.649994,201.550003,27316700,2019,7,27,1,0,182,False,True,False,True,False,False,1561939200
709,201.41000400000001,203.130005,201.360001,202.729996,16935200,2019,7,27,2,1,183,False,False,False,False,False,False,1562025600
710,203.279999,204.440002,202.690002,204.41000400000001,11362000,2019,7,27,3,2,184,False,False,False,False,False,False,1562112000
711,203.350006,205.080002,202.899994,204.229996,17265500,2019,7,27,5,4,186,False,False,False,False,False,False,1562284800
712,200.809998,201.399994,198.41000400000001,200.020004,25338600,2019,7,28,8,0,189,False,False,False,False,False,False,1562544000
713,199.199997,201.509995,198.809998,201.240005,20578000,2019,7,28,9,1,190,False,False,False,False,False,False,1562630400
714,201.850006,203.729996,201.559998,203.229996,17897100,2019,7,28,10,2,191,False,False,False,False,False,False,1562716800
715,203.309998,204.389999,201.71000700000002,201.75,20191800,2019,7,28,11,3,192,False,False,False,False,False,False,1562803200
716,202.449997,204.0,202.199997,203.300003,17595200,2019,7,28,12,4,193,False,False,False,False,False,False,1562889600
717,204.08999599999999,205.869995,204.0,205.21000700000002,16947400,2019,7,29,15,0,196,False,False,False,False,False,False,1563148800
718,204.58999599999999,206.110001,203.5,204.5,16866800,2019,7,29,16,1,197,False,False,False,False,False,False,1563235200
719,204.050003,205.08999599999999,203.270004,203.350006,14107500,2019,7,29,17,2,198,False,False,False,False,False,False,1563321600
720,204.0,205.880005,203.699997,205.66000400000001,18582200,2019,7,29,18,3,199,False,False,False,False,False,False,1563408000
721,205.78999299999998,206.5,202.360001,202.58999599999999,20929300,2019,7,29,19,4,200,False,False,False,False,False,False,1563494400
722,203.649994,207.229996,203.610001,207.220001,22277900,2019,7,30,22,0,203,False,False,False,False,False,False,1563753600
723,208.46000700000002,208.91000400000001,207.28999299999998,208.83999599999999,18355200,2019,7,30,23,1,204,False,False,False,False,False,False,1563840000
724,207.669998,209.149994,207.169998,208.669998,14991600,2019,7,30,24,2,205,False,False,False,False,False,False,1563926400
725,208.889999,209.240005,206.729996,207.020004,13909600,2019,7,30,25,3,206,False,False,False,False,False,False,1564012800
726,207.479996,209.729996,207.139999,207.740005,17618900,2019,7,30,26,4,207,False,False,False,False,False,False,1564099200
727,208.46000700000002,210.63999900000002,208.440002,209.679993,21673400,2019,7,31,29,0,210,False,False,False,False,False,False,1564358400
728,208.759995,210.16000400000001,207.309998,208.779999,33935700,2019,7,31,30,1,211,False,False,False,False,False,False,1564444800
729,216.419998,221.36999500000002,211.30000299999998,213.039993,69281400,2019,7,31,31,2,212,True,False,False,False,False,False,1564531200
730,213.899994,218.02999900000003,206.740005,208.429993,54017900,2019,8,31,1,3,213,False,True,False,False,False,False,1564617600
731,205.529999,206.429993,201.630005,204.020004,40862100,2019,8,31,2,4,214,False,False,False,False,False,False,1564704000
732,197.990005,198.649994,192.580002,193.33999599999999,52393000,2019,8,32,5,0,217,False,False,False,False,False,False,1564963200
733,196.309998,198.070007,194.03999299999998,197.0,35824800,2019,8,32,6,1,218,False,False,False,False,False,False,1565049600
734,195.41000400000001,199.559998,193.820007,199.03999299999998,33364400,2019,8,32,7,2,219,False,False,False,False,False,False,1565136000
735,200.199997,203.529999,199.389999,203.429993,27009500,2019,8,32,8,3,220,False,False,False,False,False,False,1565222400
736,201.300003,202.759995,199.28999299999998,200.990005,24619700,2019,8,32,9,4,221,False,False,False,False,False,False,1565308800
737,199.619995,202.050003,199.149994,200.479996,22474900,2019,8,33,12,0,224,False,False,False,False,False,False,1565568000
738,201.020004,212.13999900000002,200.479996,208.970001,47218500,2019,8,33,13,1,225,False,False,False,False,False,False,1565654400
739,203.16000400000001,206.440002,202.58999599999999,202.75,36547400,2019,8,33,14,2,226,False,False,False,False,False,False,1565740800
740,203.46000700000002,205.139999,199.669998,201.740005,27227400,2019,8,33,15,3,227,False,False,False,False,False,False,1565827200
741,204.279999,207.16000400000001,203.83999599999999,206.5,27620400,2019,8,33,16,4,228,False,False,False,False,False,False,1565913600
742,210.61999500000002,212.729996,210.02999900000003,210.350006,24413600,2019,8,34,19,0,231,False,False,False,False,False,False,1566172800
743,210.88000499999998,213.350006,210.32000699999998,210.36000099999998,26884300,2019,8,34,20,1,232,False,False,False,False,False,False,1566259200
744,212.99000499999997,213.649994,211.600006,212.63999900000002,21535400,2019,8,34,21,2,233,False,False,False,False,False,False,1566345600
745,213.190002,214.440002,210.75,212.460007,22253700,2019,8,34,22,3,234,False,False,False,False,False,False,1566432000
746,209.429993,212.05000299999998,201.0,202.639999,46818000,2019,8,34,23,4,235,False,False,False,False,False,False,1566518400
747,205.860001,207.190002,205.059998,206.490005,26043600,2019,8,35,26,0,238,False,False,False,False,False,False,1566777600
748,207.860001,208.550003,203.529999,204.16000400000001,25873300,2019,8,35,27,1,239,False,False,False,False,False,False,1566864000
749,204.100006,205.720001,203.320007,205.529999,15938800,2019,8,35,28,2,240,False,False,False,False,False,False,1566950400
750,208.5,209.320007,206.66000400000001,209.009995,20990500,2019,8,35,29,3,241,False,False,False,False,False,False,1567036800
751,210.16000400000001,210.44999700000002,207.199997,208.740005,21143400,2019,8,35,30,4,242,False,False,False,False,False,False,1567123200
752,206.429993,206.979996,204.220001,205.699997,20023000,2019,9,36,3,1,246,False,False,False,False,False,False,1567468800
753,208.389999,209.479996,207.320007,209.190002,19188100,2019,9,36,4,2,247,False,False,False,False,False,False,1567555200
